-- phpMyAdmin SQL Dump
-- version 5.0.1
-- https://www.phpmyadmin.net/
--
-- Host: 127.0.0.1
-- Generation Time: Aug 17, 2021 at 04:23 AM
-- Server version: 10.4.11-MariaDB
-- PHP Version: 7.4.3

SET SQL_MODE = "NO_AUTO_VALUE_ON_ZERO";
SET AUTOCOMMIT = 0;
START TRANSACTION;
SET time_zone = "+00:00";


/*!40101 SET @OLD_CHARACTER_SET_CLIENT=@@CHARACTER_SET_CLIENT */;
/*!40101 SET @OLD_CHARACTER_SET_RESULTS=@@CHARACTER_SET_RESULTS */;
/*!40101 SET @OLD_COLLATION_CONNECTION=@@COLLATION_CONNECTION */;
/*!40101 SET NAMES utf8mb4 */;

--
-- Database: `larashop`
--

-- --------------------------------------------------------

--
-- Table structure for table `admins`
--

CREATE TABLE `admins` (
  `id` bigint(20) UNSIGNED NOT NULL,
  `name` varchar(255) COLLATE utf8mb4_unicode_ci NOT NULL,
  `type` varchar(255) COLLATE utf8mb4_unicode_ci NOT NULL,
  `mobile` varchar(255) COLLATE utf8mb4_unicode_ci NOT NULL,
  `email` varchar(255) COLLATE utf8mb4_unicode_ci NOT NULL,
  `email_verified_at` timestamp NULL DEFAULT NULL,
  `password` varchar(255) COLLATE utf8mb4_unicode_ci NOT NULL,
  `image` varchar(255) COLLATE utf8mb4_unicode_ci NOT NULL,
  `status` int(11) NOT NULL,
  `remember_token` varchar(100) COLLATE utf8mb4_unicode_ci DEFAULT NULL,
  `created_at` timestamp NULL DEFAULT NULL,
  `updated_at` timestamp NULL DEFAULT NULL
) ENGINE=InnoDB DEFAULT CHARSET=utf8mb4 COLLATE=utf8mb4_unicode_ci;

--
-- Dumping data for table `admins`
--

INSERT INTO `admins` (`id`, `name`, `type`, `mobile`, `email`, `email_verified_at`, `password`, `image`, `status`, `remember_token`, `created_at`, `updated_at`) VALUES
(1, 'Mason', 'Admin', '+109309409430', 'admin@gmail.com', NULL, '$2y$10$UiurG0zL18dbzmb54PFMzO1Wk86vUlmPCFshM6DpQF/oN6NacQpIC', '67538.jpg', 1, NULL, NULL, '2020-12-14 04:01:10'),
(2, 'sub admin', 'sub admin', '030499994949', 'subadmin@gmail.com', NULL, '$2y$10$6wnaltn72tnEBmvvUIRGbOVGwZPKRUVNUm1aWOG0g7BcoBzo7Wrbq', '3.jpg', 1, NULL, NULL, NULL),
(3, 'editor', 'editor', '030499994949', 'editr@gmail.com', NULL, '$2y$10$6wnaltn72tnEBmvvUIRGbOVGwZPKRUVNUm1aWOG0g7BcoBzo7Wrbq', '5.jpg', 1, NULL, NULL, NULL);

-- --------------------------------------------------------

--
-- Table structure for table `banners`
--

CREATE TABLE `banners` (
  `id` bigint(20) UNSIGNED NOT NULL,
  `image` varchar(255) COLLATE utf8mb4_unicode_ci NOT NULL,
  `link` varchar(255) COLLATE utf8mb4_unicode_ci NOT NULL,
  `title` varchar(255) COLLATE utf8mb4_unicode_ci NOT NULL,
  `alt` varchar(255) COLLATE utf8mb4_unicode_ci NOT NULL,
  `status` tinyint(4) NOT NULL,
  `created_at` timestamp NULL DEFAULT NULL,
  `updated_at` timestamp NULL DEFAULT NULL
) ENGINE=InnoDB DEFAULT CHARSET=utf8mb4 COLLATE=utf8mb4_unicode_ci;

--
-- Dumping data for table `banners`
--

INSERT INTO `banners` (`id`, `image`, `link`, `title`, `alt`, `status`, `created_at`, `updated_at`) VALUES
(3, 'ecology-concept-environmental-banner-design-260nw-1392526472.webp-64156.webp', 'bags', 'Bags Sale', 'Bags', 0, NULL, '2021-08-08 03:33:33'),
(5, 'esg-modernization-environmental-social-governance-260nw-1938605320.webp-60011.webp', 'ban1', 'Banner', 'banner', 1, '2021-08-08 03:16:56', '2021-08-08 03:18:46'),
(6, 'abstract-concept-green-color-interconnected-sustainability-icons-recycling-healthy-food-alternative-energy-environmental-156260857.jpg-94303.jpg', 'subbanner', 'subbanner', 'subbanner', 0, '2021-08-08 03:17:47', '2021-08-08 03:20:31'),
(7, 'banner-mockup-image-brown-paper-260nw-1886361136.webp-27942.webp', 'banner', 'Banner', 'banner', 1, '2021-08-08 03:20:23', '2021-08-08 03:20:23');

-- --------------------------------------------------------

--
-- Table structure for table `brands`
--

CREATE TABLE `brands` (
  `id` bigint(20) UNSIGNED NOT NULL,
  `name` varchar(255) COLLATE utf8mb4_unicode_ci NOT NULL,
  `status` tinyint(4) NOT NULL DEFAULT 1,
  `created_at` timestamp NULL DEFAULT NULL,
  `updated_at` timestamp NULL DEFAULT NULL
) ENGINE=InnoDB DEFAULT CHARSET=utf8mb4 COLLATE=utf8mb4_unicode_ci;

--
-- Dumping data for table `brands`
--

INSERT INTO `brands` (`id`, `name`, `status`, `created_at`, `updated_at`) VALUES
(1, 'Gul Ahme', 1, '2020-12-21 11:06:10', '2020-12-21 12:16:28'),
(2, 'J Dot', 1, '2020-12-21 11:06:28', '2020-12-21 12:19:41'),
(8, 'P-WIRE', 1, '2020-12-21 12:32:55', '2020-12-21 12:32:55'),
(9, 'Nike', 0, '2020-12-21 12:33:12', '2020-12-21 12:56:05');

-- --------------------------------------------------------

--
-- Table structure for table `carts`
--

CREATE TABLE `carts` (
  `id` bigint(20) UNSIGNED NOT NULL,
  `session_id` varchar(255) COLLATE utf8mb4_unicode_ci NOT NULL,
  `user_id` int(11) NOT NULL,
  `product_id` int(11) NOT NULL,
  `size` varchar(255) COLLATE utf8mb4_unicode_ci NOT NULL,
  `quantity` int(11) NOT NULL,
  `created_at` timestamp NULL DEFAULT NULL,
  `updated_at` timestamp NULL DEFAULT NULL
) ENGINE=InnoDB DEFAULT CHARSET=utf8mb4 COLLATE=utf8mb4_unicode_ci;

--
-- Dumping data for table `carts`
--

INSERT INTO `carts` (`id`, `session_id`, `user_id`, `product_id`, `size`, `quantity`, `created_at`, `updated_at`) VALUES
(2, 'RODzRc8wRKFj3g0wP42yPUZQijE2mjobj59YiCvM', 0, 1, 'L', 2, '2020-12-29 08:15:11', '2020-12-29 08:15:19'),
(5, 'yvvrnnM4LWZL1gaeXuvL9sGnFW3OLJ1iZ6DFeyw5', 0, 1, 'M', 5, '2021-01-05 06:06:51', '2021-01-05 07:34:19'),
(6, 'yvvrnnM4LWZL1gaeXuvL9sGnFW3OLJ1iZ6DFeyw5', 0, 1, 'S', 7, '2021-01-05 06:18:09', '2021-01-05 07:41:05'),
(16, 'vMPIQcYyJfA83sCwKgR2kDL8U1ZCRNrZxzhGXjDe', 0, 6, 'S', 2, '2021-07-31 22:57:34', '2021-07-31 22:57:34'),
(17, '0uHwE6QDuFQjhBDct4A6J0tIxqW6AI8deHGs09k1', 0, 6, 'S', 2, '2021-07-31 23:00:28', '2021-07-31 23:00:28'),
(89, 'eXjUFtcYUA8rPGJtomgXMqR3nqKY052jtZ9sU40v', 5, 1, 'M', 1, '2021-08-15 20:48:16', '2021-08-15 21:52:49');

-- --------------------------------------------------------

--
-- Table structure for table `categories`
--

CREATE TABLE `categories` (
  `id` bigint(20) UNSIGNED NOT NULL,
  `parent_id` int(11) NOT NULL,
  `section_id` int(11) NOT NULL,
  `category_name` varchar(255) COLLATE utf8mb4_unicode_ci NOT NULL,
  `category_image` varchar(255) COLLATE utf8mb4_unicode_ci NOT NULL,
  `category_discount` double(8,2) NOT NULL,
  `category_description` text COLLATE utf8mb4_unicode_ci NOT NULL,
  `category_url` varchar(255) COLLATE utf8mb4_unicode_ci NOT NULL,
  `meta_title` varchar(255) COLLATE utf8mb4_unicode_ci NOT NULL,
  `meta_description` varchar(255) COLLATE utf8mb4_unicode_ci NOT NULL,
  `meta_keywords` varchar(255) COLLATE utf8mb4_unicode_ci NOT NULL,
  `status` tinyint(4) NOT NULL,
  `created_at` timestamp NULL DEFAULT NULL,
  `updated_at` timestamp NULL DEFAULT NULL
) ENGINE=InnoDB DEFAULT CHARSET=utf8mb4 COLLATE=utf8mb4_unicode_ci;

--
-- Dumping data for table `categories`
--

INSERT INTO `categories` (`id`, `parent_id`, `section_id`, `category_name`, `category_image`, `category_discount`, `category_description`, `category_url`, `meta_title`, `meta_description`, `meta_keywords`, `status`, `created_at`, `updated_at`) VALUES
(2, 0, 1, 'T-shirts', '67508.jpg', 800.00, '', 't-shirts', '', '', '', 1, '2020-12-15 08:08:44', '2021-08-15 20:50:40'),
(3, 0, 2, 'Tops', '7357.jpg', 80.00, '', 'tops', '', '', '', 1, '2020-12-15 10:15:31', '2020-12-15 10:15:31'),
(4, 2, 1, 'Casual T-shirts', '14014.jpg', 5.00, 'Casual T-shirts', 'casual-t-shirts', 'Casual T-shirts', 'Casual T-shirts', 'Casual T-shirts', 0, '2020-12-15 11:55:47', '2021-08-15 20:50:42'),
(5, 2, 1, 'Formal T-shirts', '29945.jpg', 1000.00, 'Category Description', 'formal-t-shirts', 'formal T=shirts', 'formal T=shirts', 'formal T=shirts', 1, '2020-12-16 11:54:44', '2020-12-16 11:54:44'),
(7, 3, 2, 'Denims', '62391.jpg', 0.00, 'Category Description', 'denims', 'Meta  title', 'Category Description', 'Meta keywords', 1, '2020-12-17 12:34:02', '2020-12-26 14:28:35'),
(8, 0, 3, 'Boys Dresses', '72950.jpeg', 800.00, 'Category Description', 'boys-dresses', 'Meta title', 'Category Description', 'Meta keywords', 1, '2020-12-17 12:35:16', '2021-08-16 17:42:56'),
(9, 0, 1, 'Shirts', '2569.webp', 80.00, 'Category Description', 'shirts', 'meta title', 'Meta Description', 'meta keywords', 1, '2020-12-22 05:33:41', '2020-12-22 06:33:21'),
(10, 9, 1, 'Formal Shirts', '77810.jpg', 80.00, 'Category Description', 'formal-shirts', 'meta title', 'meta Description', 'meta keywords', 1, '2020-12-22 05:36:18', '2020-12-22 05:36:18'),
(11, 0, 2, 'Casual Suits', '84765.jpg', 80.00, 'Category Description', 'casual-suits', 'meta title', 'meta Description', 'meta keywords', 1, '2020-12-22 06:48:10', '2020-12-22 06:48:10'),
(12, 0, 2, 'Formal Suits', '36336.jpg', 80.00, 'Category Description', 'formal-suits', 'meta title', 'meta Description', 'meta keywords', 1, '2020-12-22 06:49:36', '2020-12-22 06:49:36'),
(13, 0, 3, 'Girls dresses', '41300.jpg', 15.00, 'Category Description', 'girl-suit', 'meta title', 'Category Description', 'meta keywords', 1, '2020-12-22 06:51:21', '2021-08-16 17:38:59'),
(14, 13, 3, 'Casual', '31619.jpg', 5.00, 'lorem ipsum  lorem ipsum  lorem ipsum  lorem ipsum  lorem ipsum  lorem ipsum  lorem ipsum  lorem ipsum  lorem ipsum  lorem ipsum  lorem ipsum  lorem ipsum  lorem ipsum  lorem ipsum  lorem ipsum  lorem ipsum', 'casual-girls-kids', 'casual girls kids', 'lorem ipsum  lorem ipsum  lorem ipsum  lorem ipsum  lorem ipsum  lorem ipsum  lorem ipsum  lorem ipsum  lorem ipsum  lorem ipsum  lorem ipsum  lorem ipsum  lorem ipsum  lorem ipsum  lorem ipsum  lorem ipsum', 'kids girls dresses, kids dresses', 1, '2021-08-16 18:18:07', '2021-08-16 18:18:07'),
(15, 8, 3, 'Casual', '86399.jpg', 5.00, 'lorem ipsum  lorem ipsum  lorem ipsum  lorem ipsum  lorem ipsum  lorem ipsum', 'casual-boys-kids', 'casual boys kids', 'lorem ipsum  lorem ipsum  lorem ipsum  lorem ipsum  lorem ipsum  lorem ipsum', 'boys kids dresses, boys dresses, kidss dresses', 1, '2021-08-16 18:20:49', '2021-08-16 18:20:49');

-- --------------------------------------------------------

--
-- Table structure for table `chat_messages`
--

CREATE TABLE `chat_messages` (
  `id` bigint(20) UNSIGNED NOT NULL,
  `sender_name` varchar(255) COLLATE utf8mb4_unicode_ci NOT NULL,
  `message` text COLLATE utf8mb4_unicode_ci NOT NULL,
  `read` tinyint(1) NOT NULL DEFAULT 0,
  `created_at` timestamp NULL DEFAULT NULL,
  `updated_at` timestamp NULL DEFAULT NULL
) ENGINE=InnoDB DEFAULT CHARSET=utf8mb4 COLLATE=utf8mb4_unicode_ci;

-- --------------------------------------------------------

--
-- Table structure for table `cms_pages`
--

CREATE TABLE `cms_pages` (
  `id` bigint(20) UNSIGNED NOT NULL,
  `title` varchar(255) COLLATE utf8mb4_unicode_ci NOT NULL,
  `description` varchar(255) COLLATE utf8mb4_unicode_ci NOT NULL,
  `url` varchar(255) COLLATE utf8mb4_unicode_ci NOT NULL,
  `meta_title` varchar(255) COLLATE utf8mb4_unicode_ci NOT NULL,
  `meta_description` varchar(255) COLLATE utf8mb4_unicode_ci NOT NULL,
  `meta_keywords` varchar(255) COLLATE utf8mb4_unicode_ci NOT NULL,
  `status` tinyint(4) NOT NULL,
  `created_at` timestamp NULL DEFAULT NULL,
  `updated_at` timestamp NULL DEFAULT NULL
) ENGINE=InnoDB DEFAULT CHARSET=utf8mb4 COLLATE=utf8mb4_unicode_ci;

--
-- Dumping data for table `cms_pages`
--

INSERT INTO `cms_pages` (`id`, `title`, `description`, `url`, `meta_title`, `meta_description`, `meta_keywords`, `status`, `created_at`, `updated_at`) VALUES
(1, 'About Us', 'About Us description', 'about-us', 'About Us', 'About Us meta description', 'about us,about e-commerce', 1, NULL, '2021-08-17 07:50:19'),
(2, 'Privacy Policy', 'Privacy Policy description', 'privacy-policy', 'Privacy Policy', 'Privacy Policy meta description', 'privacy policy,privacy policy of e-commerce', 1, NULL, '2021-08-17 07:53:16'),
(3, 'Disclaimer Page', 'disclaimer description Page', 'disclaimer-page', 'Disclaimer Page', 'Disclaimer Meta Descriptionc Page', 'disclaimer cms page, cms page', 1, '2021-08-17 08:55:41', '2021-08-17 09:00:43');

-- --------------------------------------------------------

--
-- Table structure for table `cod_pincodes`
--

CREATE TABLE `cod_pincodes` (
  `id` int(11) NOT NULL,
  `pincodes` varchar(10) NOT NULL,
  `created_at` datetime NOT NULL,
  `updated_at` timestamp NOT NULL DEFAULT current_timestamp() ON UPDATE current_timestamp()
) ENGINE=InnoDB DEFAULT CHARSET=utf8mb4;

--
-- Dumping data for table `cod_pincodes`
--

INSERT INTO `cod_pincodes` (`id`, `pincodes`, `created_at`, `updated_at`) VALUES
(1, '44000', '2020-12-21 03:06:10', '2020-12-21 12:16:28'),
(2, '46000', '2020-12-21 03:06:28', '2020-12-21 12:19:41'),
(3, '50550', '2021-08-08 00:00:00', '2021-08-15 08:38:28'),
(4, '10021', '2021-08-08 00:00:00', '2021-08-08 07:00:00'),
(5, '10021', '2021-08-08 00:00:00', '2021-08-08 07:00:00'),
(6, '10021', '2021-08-08 00:00:00', '2021-08-08 07:00:00'),
(7, '10021', '2021-08-08 00:00:00', '2021-08-08 07:00:00'),
(8, '10021', '2021-08-08 00:00:00', '2021-08-08 07:00:00'),
(9, '10030', '2021-08-08 00:00:00', '2021-08-08 07:00:00'),
(10, '10031', '2021-08-08 00:00:00', '2021-08-08 07:00:00'),
(11, '10031', '2021-08-08 00:00:00', '2021-08-08 07:00:00'),
(12, '10031', '2021-08-08 00:00:00', '2021-08-08 07:00:00'),
(13, '10031', '2021-08-08 00:00:00', '2021-08-08 07:00:00'),
(14, '10031', '2021-08-08 00:00:00', '2021-08-08 07:00:00'),
(15, '10031', '2021-08-08 00:00:00', '2021-08-08 07:00:00'),
(16, '10034', '2021-08-08 00:00:00', '2021-08-08 07:00:00'),
(17, '10040', '2021-08-08 00:00:00', '2021-08-08 07:00:00'),
(18, '10041', '2021-08-08 00:00:00', '2021-08-08 07:00:00'),
(19, '10041', '2021-08-08 00:00:00', '2021-08-08 07:00:00'),
(20, '10041', '2021-08-08 00:00:00', '2021-08-08 07:00:00'),
(21, '10041', '2021-08-08 00:00:00', '2021-08-08 07:00:00'),
(22, '10041', '2021-08-08 00:00:00', '2021-08-08 07:00:00'),
(23, '10050', '2021-08-08 00:00:00', '2021-08-08 07:00:00'),
(24, '10051', '2021-08-08 00:00:00', '2021-08-08 07:00:00'),
(25, '10060', '2021-08-08 00:00:00', '2021-08-08 07:00:00'),
(26, '10061', '2021-08-08 00:00:00', '2021-08-08 07:00:00'),
(27, '10061', '2021-08-08 00:00:00', '2021-08-08 07:00:00'),
(28, '10070', '2021-08-08 00:00:00', '2021-08-08 07:00:00'),
(29, '10080', '2021-08-08 00:00:00', '2021-08-08 07:00:00'),
(30, '10081', '2021-08-08 00:00:00', '2021-08-08 07:00:00'),
(31, '10081', '2021-08-08 00:00:00', '2021-08-08 07:00:00'),
(32, '10081', '2021-08-08 00:00:00', '2021-08-08 07:00:00'),
(33, '10100', '2021-08-08 00:00:00', '2021-08-08 07:00:00'),
(34, '10101', '2021-08-08 00:00:00', '2021-08-08 07:00:00'),
(35, '10101', '2021-08-08 00:00:00', '2021-08-08 07:00:00'),
(36, '10101', '2021-08-08 00:00:00', '2021-08-08 07:00:00'),
(37, '10200', '2021-08-08 00:00:00', '2021-08-08 07:00:00'),
(38, '10230', '2021-08-08 00:00:00', '2021-08-08 07:00:00'),
(39, '10250', '2021-08-08 00:00:00', '2021-08-08 07:00:00'),
(40, '10250', '2021-08-08 00:00:00', '2021-08-08 07:00:00'),
(41, '10250', '2021-08-08 00:00:00', '2021-08-08 07:00:00'),
(42, '10251', '2021-08-08 00:00:00', '2021-08-08 07:00:00'),
(43, '10251', '2021-08-08 00:00:00', '2021-08-08 07:00:00'),
(44, '10251', '2021-08-08 00:00:00', '2021-08-08 07:00:00'),
(45, '10251', '2021-08-08 00:00:00', '2021-08-08 07:00:00'),
(46, '10300', '2021-08-08 00:00:00', '2021-08-08 07:00:00'),
(47, '10301', '2021-08-08 00:00:00', '2021-08-08 07:00:00'),
(48, '10301', '2021-08-08 00:00:00', '2021-08-08 07:00:00'),
(49, '10310', '2021-08-08 00:00:00', '2021-08-08 07:00:00'),
(50, '10311', '2021-08-08 00:00:00', '2021-08-08 07:00:00'),
(51, '10311', '2021-08-08 00:00:00', '2021-08-08 07:00:00'),
(52, '10320', '2021-08-08 00:00:00', '2021-08-08 07:00:00'),
(53, '10321', '2021-08-08 00:00:00', '2021-08-08 07:00:00'),
(54, '10350', '2021-08-08 00:00:00', '2021-08-08 07:00:00'),
(55, '10360', '2021-08-08 00:00:00', '2021-08-08 07:00:00'),
(56, '10361', '2021-08-08 00:00:00', '2021-08-08 07:00:00'),
(57, '10361', '2021-08-08 00:00:00', '2021-08-08 07:00:00'),
(58, '10370', '2021-08-08 00:00:00', '2021-08-08 07:00:00'),
(59, '10380', '2021-08-08 00:00:00', '2021-08-08 07:00:00'),
(60, '10381', '2021-08-08 00:00:00', '2021-08-08 07:00:00'),
(61, '10381', '2021-08-08 00:00:00', '2021-08-08 07:00:00'),
(62, '10381', '2021-08-08 00:00:00', '2021-08-08 07:00:00'),
(63, '10381', '2021-08-08 00:00:00', '2021-08-08 07:00:00'),
(64, '10381', '2021-08-08 00:00:00', '2021-08-08 07:00:00'),
(65, '10381', '2021-08-08 00:00:00', '2021-08-08 07:00:00'),
(66, '10381', '2021-08-08 00:00:00', '2021-08-08 07:00:00'),
(67, '10400', '2021-08-08 00:00:00', '2021-08-08 07:00:00'),
(68, '10401', '2021-08-08 00:00:00', '2021-08-08 07:00:00'),
(69, '10401', '2021-08-08 00:00:00', '2021-08-08 07:00:00'),
(70, '10401', '2021-08-08 00:00:00', '2021-08-08 07:00:00'),
(71, '10401', '2021-08-08 00:00:00', '2021-08-08 07:00:00'),
(72, '10450', '2021-08-08 00:00:00', '2021-08-08 07:00:00'),
(73, '10451', '2021-08-08 00:00:00', '2021-08-08 07:00:00'),
(74, '10460', '2021-08-08 00:00:00', '2021-08-08 07:00:00'),
(75, '10470', '2021-08-08 00:00:00', '2021-08-08 07:00:00'),
(76, '10471', '2021-08-08 00:00:00', '2021-08-08 07:00:00'),
(77, '10471', '2021-08-08 00:00:00', '2021-08-08 07:00:00'),
(78, '10480', '2021-08-08 00:00:00', '2021-08-08 07:00:00'),
(79, '10481', '2021-08-08 00:00:00', '2021-08-08 07:00:00'),
(80, '10481', '2021-08-08 00:00:00', '2021-08-08 07:00:00'),
(81, '10490', '2021-08-08 00:00:00', '2021-08-08 07:00:00'),
(82, '10491', '2021-08-08 00:00:00', '2021-08-08 07:00:00'),
(83, '10500', '2021-08-08 00:00:00', '2021-08-08 07:00:00'),
(84, '10501', '2021-08-08 00:00:00', '2021-08-08 07:00:00'),
(85, '10501', '2021-08-08 00:00:00', '2021-08-08 07:00:00'),
(86, '10501', '2021-08-08 00:00:00', '2021-08-08 07:00:00'),
(87, '10520', '2021-08-08 00:00:00', '2021-08-08 07:00:00'),
(88, '10521', '2021-08-08 00:00:00', '2021-08-08 07:00:00'),
(89, '10521', '2021-08-08 00:00:00', '2021-08-08 07:00:00'),
(90, '10521', '2021-08-08 00:00:00', '2021-08-08 07:00:00'),
(91, '10521', '2021-08-08 00:00:00', '2021-08-08 07:00:00'),
(92, '10521', '2021-08-08 00:00:00', '2021-08-08 07:00:00'),
(93, '10521', '2021-08-08 00:00:00', '2021-08-08 07:00:00'),
(94, '10530', '2021-08-08 00:00:00', '2021-08-08 07:00:00'),
(95, '10531', '2021-08-08 00:00:00', '2021-08-08 07:00:00'),
(96, '10531', '2021-08-08 00:00:00', '2021-08-08 07:00:00'),
(97, '10531', '2021-08-08 00:00:00', '2021-08-08 07:00:00'),
(98, '10531', '2021-08-08 00:00:00', '2021-08-08 07:00:00'),
(99, '10531', '2021-08-08 00:00:00', '2021-08-08 07:00:00'),
(100, '10531', '2021-08-08 00:00:00', '2021-08-08 07:00:00'),
(101, '10531', '2021-08-08 00:00:00', '2021-08-08 07:00:00'),
(102, '10531', '2021-08-08 00:00:00', '2021-08-08 07:00:00'),
(103, '10540', '2021-08-08 00:00:00', '2021-08-08 07:00:00'),
(104, '10541', '2021-08-08 00:00:00', '2021-08-08 07:00:00'),
(105, '10541', '2021-08-08 00:00:00', '2021-08-08 07:00:00'),
(106, '10544', '2021-08-08 00:00:00', '2021-08-08 07:00:00'),
(107, '10545', '2021-08-08 00:00:00', '2021-08-08 07:00:00'),
(108, '10545', '2021-08-08 00:00:00', '2021-08-08 07:00:00'),
(109, '10550', '2021-08-08 00:00:00', '2021-08-08 07:00:00'),
(110, '10551', '2021-08-08 00:00:00', '2021-08-08 07:00:00'),
(111, '10551', '2021-08-08 00:00:00', '2021-08-08 07:00:00'),
(112, '11010', '2021-08-08 00:00:00', '2021-08-08 07:00:00'),
(113, '11011', '2021-08-08 00:00:00', '2021-08-08 07:00:00'),
(114, '11011', '2021-08-08 00:00:00', '2021-08-08 07:00:00'),
(115, '11011', '2021-08-08 00:00:00', '2021-08-08 07:00:00'),
(116, '11011', '2021-08-08 00:00:00', '2021-08-08 07:00:00'),
(117, '11014', '2021-08-08 00:00:00', '2021-08-08 07:00:00'),
(118, '11015', '2021-08-08 00:00:00', '2021-08-08 07:00:00'),
(119, '11015', '2021-08-08 00:00:00', '2021-08-08 07:00:00'),
(120, '11015', '2021-08-08 00:00:00', '2021-08-08 07:00:00'),
(121, '11015', '2021-08-08 00:00:00', '2021-08-08 07:00:00'),
(122, '11015', '2021-08-08 00:00:00', '2021-08-08 07:00:00'),
(123, '11015', '2021-08-08 00:00:00', '2021-08-08 07:00:00'),
(124, '11020', '2021-08-08 00:00:00', '2021-08-08 07:00:00'),
(125, '11030', '2021-08-08 00:00:00', '2021-08-08 07:00:00'),
(126, '11031', '2021-08-08 00:00:00', '2021-08-08 07:00:00'),
(127, '11031', '2021-08-08 00:00:00', '2021-08-08 07:00:00'),
(128, '11031', '2021-08-08 00:00:00', '2021-08-08 07:00:00'),
(129, '11040', '2021-08-08 00:00:00', '2021-08-08 07:00:00'),
(130, '11041', '2021-08-08 00:00:00', '2021-08-08 07:00:00'),
(131, '11100', '2021-08-08 00:00:00', '2021-08-08 07:00:00'),
(132, '11101', '2021-08-08 00:00:00', '2021-08-08 07:00:00'),
(133, '11101', '2021-08-08 00:00:00', '2021-08-08 07:00:00'),
(134, '11101', '2021-08-08 00:00:00', '2021-08-08 07:00:00'),
(135, '11101', '2021-08-08 00:00:00', '2021-08-08 07:00:00'),
(136, '11101', '2021-08-08 00:00:00', '2021-08-08 07:00:00'),
(137, '11101', '2021-08-08 00:00:00', '2021-08-08 07:00:00'),
(138, '11101', '2021-08-08 00:00:00', '2021-08-08 07:00:00'),
(139, '11101', '2021-08-08 00:00:00', '2021-08-08 07:00:00'),
(140, '11101', '2021-08-08 00:00:00', '2021-08-08 07:00:00'),
(141, '11110', '2021-08-08 00:00:00', '2021-08-08 07:00:00'),
(142, '11111', '2021-08-08 00:00:00', '2021-08-08 07:00:00'),
(143, '11120', '2021-08-08 00:00:00', '2021-08-08 07:00:00'),
(144, '11121', '2021-08-08 00:00:00', '2021-08-08 07:00:00'),
(145, '11121', '2021-08-08 00:00:00', '2021-08-08 07:00:00'),
(146, '11121', '2021-08-08 00:00:00', '2021-08-08 07:00:00'),
(147, '11150', '2021-08-08 00:00:00', '2021-08-08 07:00:00'),
(148, '11160', '2021-08-08 00:00:00', '2021-08-08 07:00:00'),
(149, '11161', '2021-08-08 00:00:00', '2021-08-08 07:00:00'),
(150, '11161', '2021-08-08 00:00:00', '2021-08-08 07:00:00'),
(151, '11161', '2021-08-08 00:00:00', '2021-08-08 07:00:00'),
(152, '11161', '2021-08-08 00:00:00', '2021-08-08 07:00:00'),
(153, '11170', '2021-08-08 00:00:00', '2021-08-08 07:00:00'),
(154, '11171', '2021-08-08 00:00:00', '2021-08-08 07:00:00'),
(155, '11171', '2021-08-08 00:00:00', '2021-08-08 07:00:00'),
(156, '11171', '2021-08-08 00:00:00', '2021-08-08 07:00:00'),
(157, '11171', '2021-08-08 00:00:00', '2021-08-08 07:00:00'),
(158, '11190', '2021-08-08 00:00:00', '2021-08-08 07:00:00'),
(159, '11200', '2021-08-08 00:00:00', '2021-08-08 07:00:00'),
(160, '11201', '2021-08-08 00:00:00', '2021-08-08 07:00:00'),
(161, '11201', '2021-08-08 00:00:00', '2021-08-08 07:00:00'),
(162, '11201', '2021-08-08 00:00:00', '2021-08-08 07:00:00'),
(163, '11201', '2021-08-08 00:00:00', '2021-08-08 07:00:00'),
(164, '11201', '2021-08-08 00:00:00', '2021-08-08 07:00:00'),
(165, '11201', '2021-08-08 00:00:00', '2021-08-08 07:00:00'),
(166, '11210', '2021-08-08 00:00:00', '2021-08-08 07:00:00'),
(167, '11211', '2021-08-08 00:00:00', '2021-08-08 07:00:00'),
(168, '11211', '2021-08-08 00:00:00', '2021-08-08 07:00:00'),
(169, '11211', '2021-08-08 00:00:00', '2021-08-08 07:00:00'),
(170, '11211', '2021-08-08 00:00:00', '2021-08-08 07:00:00'),
(171, '11220', '2021-08-08 00:00:00', '2021-08-08 07:00:00'),
(172, '11221', '2021-08-08 00:00:00', '2021-08-08 07:00:00'),
(173, '11250', '2021-08-08 00:00:00', '2021-08-08 07:00:00'),
(174, '11251', '2021-08-08 00:00:00', '2021-08-08 07:00:00'),
(175, '11260', '2021-08-08 00:00:00', '2021-08-08 07:00:00'),
(176, '12000', '2021-08-08 00:00:00', '2021-08-08 07:00:00'),
(177, '12001', '2021-08-08 00:00:00', '2021-08-08 07:00:00'),
(178, '12001', '2021-08-08 00:00:00', '2021-08-08 07:00:00'),
(179, '12010', '2021-08-08 00:00:00', '2021-08-08 07:00:00'),
(180, '12010', '2021-08-08 00:00:00', '2021-08-08 07:00:00'),
(181, '12011', '2021-08-08 00:00:00', '2021-08-08 07:00:00'),
(182, '12011', '2021-08-08 00:00:00', '2021-08-08 07:00:00'),
(183, '12011', '2021-08-08 00:00:00', '2021-08-08 07:00:00'),
(184, '12011', '2021-08-08 00:00:00', '2021-08-08 07:00:00'),
(185, '12011', '2021-08-08 00:00:00', '2021-08-08 07:00:00'),
(186, '12011', '2021-08-08 00:00:00', '2021-08-08 07:00:00'),
(187, '12011', '2021-08-08 00:00:00', '2021-08-08 07:00:00'),
(188, '12011', '2021-08-08 00:00:00', '2021-08-08 07:00:00'),
(189, '12011', '2021-08-08 00:00:00', '2021-08-08 07:00:00'),
(190, '12011', '2021-08-08 00:00:00', '2021-08-08 07:00:00'),
(191, '12011', '2021-08-08 00:00:00', '2021-08-08 07:00:00'),
(192, '12011', '2021-08-08 00:00:00', '2021-08-08 07:00:00'),
(193, '12030', '2021-08-08 00:00:00', '2021-08-08 07:00:00'),
(194, '12070', '2021-08-08 00:00:00', '2021-08-08 07:00:00'),
(195, '12071', '2021-08-08 00:00:00', '2021-08-08 07:00:00'),
(196, '12071', '2021-08-08 00:00:00', '2021-08-08 07:00:00'),
(197, '12071', '2021-08-08 00:00:00', '2021-08-08 07:00:00'),
(198, '12071', '2021-08-08 00:00:00', '2021-08-08 07:00:00'),
(199, '12080', '2021-08-08 00:00:00', '2021-08-08 07:00:00'),
(200, '12081', '2021-08-08 00:00:00', '2021-08-08 07:00:00'),
(201, '12081', '2021-08-08 00:00:00', '2021-08-08 07:00:00'),
(202, '12081', '2021-08-08 00:00:00', '2021-08-08 07:00:00'),
(203, '12081', '2021-08-08 00:00:00', '2021-08-08 07:00:00'),
(204, '12081', '2021-08-08 00:00:00', '2021-08-08 07:00:00'),
(205, '12081', '2021-08-08 00:00:00', '2021-08-08 07:00:00'),
(206, '12081', '2021-08-08 00:00:00', '2021-08-08 07:00:00'),
(207, '12081', '2021-08-08 00:00:00', '2021-08-08 07:00:00'),
(208, '12081', '2021-08-08 00:00:00', '2021-08-08 07:00:00'),
(209, '12090', '2021-08-08 00:00:00', '2021-08-08 07:00:00'),
(210, '12100', '2021-08-08 00:00:00', '2021-08-08 07:00:00'),
(211, '12110', '2021-08-08 00:00:00', '2021-08-08 07:00:00'),
(212, '12120', '2021-08-08 00:00:00', '2021-08-08 07:00:00'),
(213, '12121', '2021-08-08 00:00:00', '2021-08-08 07:00:00'),
(214, '12121', '2021-08-08 00:00:00', '2021-08-08 07:00:00'),
(215, '12130', '2021-08-08 00:00:00', '2021-08-08 07:00:00'),
(216, '12150', '2021-08-08 00:00:00', '2021-08-08 07:00:00'),
(217, '12151', '2021-08-08 00:00:00', '2021-08-08 07:00:00'),
(218, '12151', '2021-08-08 00:00:00', '2021-08-08 07:00:00'),
(219, '12151', '2021-08-08 00:00:00', '2021-08-08 07:00:00'),
(220, '12160', '2021-08-08 00:00:00', '2021-08-08 07:00:00'),
(221, '12161', '2021-08-08 00:00:00', '2021-08-08 07:00:00'),
(222, '12161', '2021-08-08 00:00:00', '2021-08-08 07:00:00'),
(223, '12161', '2021-08-08 00:00:00', '2021-08-08 07:00:00'),
(224, '12161', '2021-08-08 00:00:00', '2021-08-08 07:00:00'),
(225, '12161', '2021-08-08 00:00:00', '2021-08-08 07:00:00'),
(226, '12161', '2021-08-08 00:00:00', '2021-08-08 07:00:00'),
(227, '12161', '2021-08-08 00:00:00', '2021-08-08 07:00:00'),
(228, '12161', '2021-08-08 00:00:00', '2021-08-08 07:00:00'),
(229, '12161', '2021-08-08 00:00:00', '2021-08-08 07:00:00'),
(230, '12170', '2021-08-08 00:00:00', '2021-08-08 07:00:00'),
(231, '12171', '2021-08-08 00:00:00', '2021-08-08 07:00:00'),
(232, '12171', '2021-08-08 00:00:00', '2021-08-08 07:00:00'),
(233, '12171', '2021-08-08 00:00:00', '2021-08-08 07:00:00'),
(234, '12171', '2021-08-08 00:00:00', '2021-08-08 07:00:00'),
(235, '12174', '2021-08-08 00:00:00', '2021-08-08 07:00:00'),
(236, '12175', '2021-08-08 00:00:00', '2021-08-08 07:00:00'),
(237, '12180', '2021-08-08 00:00:00', '2021-08-08 07:00:00'),
(238, '12181', '2021-08-08 00:00:00', '2021-08-08 07:00:00'),
(239, '12181', '2021-08-08 00:00:00', '2021-08-08 07:00:00'),
(240, '12184', '2021-08-08 00:00:00', '2021-08-08 07:00:00'),
(241, '12200', '2021-08-08 00:00:00', '2021-08-08 07:00:00'),
(242, '12201', '2021-08-08 00:00:00', '2021-08-08 07:00:00'),
(243, '12201', '2021-08-08 00:00:00', '2021-08-08 07:00:00'),
(244, '12201', '2021-08-08 00:00:00', '2021-08-08 07:00:00'),
(245, '12201', '2021-08-08 00:00:00', '2021-08-08 07:00:00'),
(246, '12210', '2021-08-08 00:00:00', '2021-08-08 07:00:00'),
(247, '12211', '2021-08-08 00:00:00', '2021-08-08 07:00:00'),
(248, '12211', '2021-08-08 00:00:00', '2021-08-08 07:00:00'),
(249, '12211', '2021-08-08 00:00:00', '2021-08-08 07:00:00'),
(250, '12211', '2021-08-08 00:00:00', '2021-08-08 07:00:00'),
(251, '12211', '2021-08-08 00:00:00', '2021-08-08 07:00:00'),
(252, '12211', '2021-08-08 00:00:00', '2021-08-08 07:00:00'),
(253, '12211', '2021-08-08 00:00:00', '2021-08-08 07:00:00'),
(254, '12211', '2021-08-08 00:00:00', '2021-08-08 07:00:00'),
(255, '12211', '2021-08-08 00:00:00', '2021-08-08 07:00:00'),
(256, '12211', '2021-08-08 00:00:00', '2021-08-08 07:00:00'),
(257, '12250', '2021-08-08 00:00:00', '2021-08-08 07:00:00'),
(258, '12251', '2021-08-08 00:00:00', '2021-08-08 07:00:00'),
(259, '12251', '2021-08-08 00:00:00', '2021-08-08 07:00:00'),
(260, '12251', '2021-08-08 00:00:00', '2021-08-08 07:00:00'),
(261, '12251', '2021-08-08 00:00:00', '2021-08-08 07:00:00'),
(262, '12260', '2021-08-08 00:00:00', '2021-08-08 07:00:00'),
(263, '12260', '2021-08-08 00:00:00', '2021-08-08 07:00:00'),
(264, '12261', '2021-08-08 00:00:00', '2021-08-08 07:00:00'),
(265, '12261', '2021-08-08 00:00:00', '2021-08-08 07:00:00'),
(266, '12300', '2021-08-08 00:00:00', '2021-08-08 07:00:00'),
(267, '12301', '2021-08-08 00:00:00', '2021-08-08 07:00:00'),
(268, '12301', '2021-08-08 00:00:00', '2021-08-08 07:00:00'),
(269, '12301', '2021-08-08 00:00:00', '2021-08-08 07:00:00'),
(270, '12301', '2021-08-08 00:00:00', '2021-08-08 07:00:00'),
(271, '12310', '2021-08-08 00:00:00', '2021-08-08 07:00:00'),
(272, '12311', '2021-08-08 00:00:00', '2021-08-08 07:00:00'),
(273, '12311', '2021-08-08 00:00:00', '2021-08-08 07:00:00'),
(274, '12311', '2021-08-08 00:00:00', '2021-08-08 07:00:00'),
(275, '12311', '2021-08-08 00:00:00', '2021-08-08 07:00:00'),
(276, '12311', '2021-08-08 00:00:00', '2021-08-08 07:00:00'),
(277, '12320', '2021-08-08 00:00:00', '2021-08-08 07:00:00'),
(278, '12330', '2021-08-08 00:00:00', '2021-08-08 07:00:00'),
(279, '12331', '2021-08-08 00:00:00', '2021-08-08 07:00:00'),
(280, '12350', '2021-08-08 00:00:00', '2021-08-08 07:00:00'),
(281, '12351', '2021-08-08 00:00:00', '2021-08-08 07:00:00'),
(282, '12351', '2021-08-08 00:00:00', '2021-08-08 07:00:00'),
(283, '12351', '2021-08-08 00:00:00', '2021-08-08 07:00:00'),
(284, '12351', '2021-08-08 00:00:00', '2021-08-08 07:00:00'),
(285, '12351', '2021-08-08 00:00:00', '2021-08-08 07:00:00'),
(286, '12351', '2021-08-08 00:00:00', '2021-08-08 07:00:00'),
(287, '12351', '2021-08-08 00:00:00', '2021-08-08 07:00:00'),
(288, '12351', '2021-08-08 00:00:00', '2021-08-08 07:00:00'),
(289, '12351', '2021-08-08 00:00:00', '2021-08-08 07:00:00'),
(290, '12351', '2021-08-08 00:00:00', '2021-08-08 07:00:00'),
(291, '12380', '2021-08-08 00:00:00', '2021-08-08 07:00:00'),
(292, '12400', '2021-08-08 00:00:00', '2021-08-08 07:00:00'),
(293, '12410', '2021-08-08 00:00:00', '2021-08-08 07:00:00'),
(294, '12411', '2021-08-08 00:00:00', '2021-08-08 07:00:00'),
(295, '12420', '2021-08-08 00:00:00', '2021-08-08 07:00:00'),
(296, '12421', '2021-08-08 00:00:00', '2021-08-08 07:00:00'),
(297, '12421', '2021-08-08 00:00:00', '2021-08-08 07:00:00'),
(298, '12421', '2021-08-08 00:00:00', '2021-08-08 07:00:00'),
(299, '12421', '2021-08-08 00:00:00', '2021-08-08 07:00:00'),
(300, '12421', '2021-08-08 00:00:00', '2021-08-08 07:00:00'),
(301, '12421', '2021-08-08 00:00:00', '2021-08-08 07:00:00'),
(302, '12421', '2021-08-08 00:00:00', '2021-08-08 07:00:00'),
(303, '12430', '2021-08-08 00:00:00', '2021-08-08 07:00:00'),
(304, '12440', '2021-08-08 00:00:00', '2021-08-08 07:00:00'),
(305, '12441', '2021-08-08 00:00:00', '2021-08-08 07:00:00'),
(306, '12441', '2021-08-08 00:00:00', '2021-08-08 07:00:00'),
(307, '12460', '2021-08-08 00:00:00', '2021-08-08 07:00:00'),
(308, '12470', '2021-08-08 00:00:00', '2021-08-08 07:00:00'),
(309, '12480', '2021-08-08 00:00:00', '2021-08-08 07:00:00'),
(310, '12500', '2021-08-08 00:00:00', '2021-08-08 07:00:00'),
(311, '12501', '2021-08-08 00:00:00', '2021-08-08 07:00:00'),
(312, '12501', '2021-08-08 00:00:00', '2021-08-08 07:00:00'),
(313, '12501', '2021-08-08 00:00:00', '2021-08-08 07:00:00'),
(314, '12501', '2021-08-08 00:00:00', '2021-08-08 07:00:00'),
(315, '12501', '2021-08-08 00:00:00', '2021-08-08 07:00:00'),
(316, '12501', '2021-08-08 00:00:00', '2021-08-08 07:00:00'),
(317, '12501', '2021-08-08 00:00:00', '2021-08-08 07:00:00'),
(318, '12501', '2021-08-08 00:00:00', '2021-08-08 07:00:00'),
(319, '12501', '2021-08-08 00:00:00', '2021-08-08 07:00:00'),
(320, '12501', '2021-08-08 00:00:00', '2021-08-08 07:00:00'),
(321, '12501', '2021-08-08 00:00:00', '2021-08-08 07:00:00'),
(322, '12501', '2021-08-08 00:00:00', '2021-08-08 07:00:00'),
(323, '12502', '2021-08-08 00:00:00', '2021-08-08 07:00:00'),
(324, '12503', '2021-08-08 00:00:00', '2021-08-08 07:00:00'),
(325, '12503', '2021-08-08 00:00:00', '2021-08-08 07:00:00'),
(326, '12503', '2021-08-08 00:00:00', '2021-08-08 07:00:00'),
(327, '12510', '2021-08-08 00:00:00', '2021-08-08 07:00:00'),
(328, '12520', '2021-08-08 00:00:00', '2021-08-08 07:00:00'),
(329, '12550', '2021-08-08 00:00:00', '2021-08-08 07:00:00'),
(330, '12560', '2021-08-08 00:00:00', '2021-08-08 07:00:00'),
(331, '12570', '2021-08-08 00:00:00', '2021-08-08 07:00:00'),
(332, '12571', '2021-08-08 00:00:00', '2021-08-08 07:00:00'),
(333, '12600', '2021-08-08 00:00:00', '2021-08-08 07:00:00'),
(334, '12601', '2021-08-08 00:00:00', '2021-08-08 07:00:00'),
(335, '12601', '2021-08-08 00:00:00', '2021-08-08 07:00:00'),
(336, '12601', '2021-08-08 00:00:00', '2021-08-08 07:00:00'),
(337, '12601', '2021-08-08 00:00:00', '2021-08-08 07:00:00'),
(338, '12601', '2021-08-08 00:00:00', '2021-08-08 07:00:00'),
(339, '12601', '2021-08-08 00:00:00', '2021-08-08 07:00:00'),
(340, '12601', '2021-08-08 00:00:00', '2021-08-08 07:00:00'),
(341, '12601', '2021-08-08 00:00:00', '2021-08-08 07:00:00'),
(342, '12610', '2021-08-08 00:00:00', '2021-08-08 07:00:00'),
(343, '12620', '2021-08-08 00:00:00', '2021-08-08 07:00:00'),
(344, '12621', '2021-08-08 00:00:00', '2021-08-08 07:00:00'),
(345, '12621', '2021-08-08 00:00:00', '2021-08-08 07:00:00'),
(346, '12621', '2021-08-08 00:00:00', '2021-08-08 07:00:00'),
(347, '12621', '2021-08-08 00:00:00', '2021-08-08 07:00:00'),
(348, '12630', '2021-08-08 00:00:00', '2021-08-08 07:00:00'),
(349, '12631', '2021-08-08 00:00:00', '2021-08-08 07:00:00'),
(350, '12639', '2021-08-08 00:00:00', '2021-08-08 07:00:00'),
(351, '12639', '2021-08-08 00:00:00', '2021-08-08 07:00:00'),
(352, '13000', '2021-08-08 00:00:00', '2021-08-08 07:00:00'),
(353, '13001', '2021-08-08 00:00:00', '2021-08-08 07:00:00'),
(354, '13020', '2021-08-08 00:00:00', '2021-08-08 07:00:00'),
(355, '13021', '2021-08-08 00:00:00', '2021-08-08 07:00:00'),
(356, '13021', '2021-08-08 00:00:00', '2021-08-08 07:00:00'),
(357, '13100', '2021-08-08 00:00:00', '2021-08-08 07:00:00'),
(358, '13101', '2021-08-08 00:00:00', '2021-08-08 07:00:00'),
(359, '13101', '2021-08-08 00:00:00', '2021-08-08 07:00:00'),
(360, '13101', '2021-08-08 00:00:00', '2021-08-08 07:00:00'),
(361, '13101', '2021-08-08 00:00:00', '2021-08-08 07:00:00'),
(362, '13101', '2021-08-08 00:00:00', '2021-08-08 07:00:00'),
(363, '13101', '2021-08-08 00:00:00', '2021-08-08 07:00:00'),
(364, '13101', '2021-08-08 00:00:00', '2021-08-08 07:00:00'),
(365, '13101', '2021-08-08 00:00:00', '2021-08-08 07:00:00'),
(366, '13101', '2021-08-08 00:00:00', '2021-08-08 07:00:00'),
(367, '13101', '2021-08-08 00:00:00', '2021-08-08 07:00:00'),
(368, '13101', '2021-08-08 00:00:00', '2021-08-08 07:00:00'),
(369, '13101', '2021-08-08 00:00:00', '2021-08-08 07:00:00'),
(370, '13101', '2021-08-08 00:00:00', '2021-08-08 07:00:00'),
(371, '13101', '2021-08-08 00:00:00', '2021-08-08 07:00:00'),
(372, '13101', '2021-08-08 00:00:00', '2021-08-08 07:00:00'),
(373, '13101', '2021-08-08 00:00:00', '2021-08-08 07:00:00'),
(374, '13101', '2021-08-08 00:00:00', '2021-08-08 07:00:00'),
(375, '13101', '2021-08-08 00:00:00', '2021-08-08 07:00:00'),
(376, '13101', '2021-08-08 00:00:00', '2021-08-08 07:00:00'),
(377, '13150', '2021-08-08 00:00:00', '2021-08-08 07:00:00'),
(378, '13151', '2021-08-08 00:00:00', '2021-08-08 07:00:00'),
(379, '13151', '2021-08-08 00:00:00', '2021-08-08 07:00:00'),
(380, '13151', '2021-08-08 00:00:00', '2021-08-08 07:00:00'),
(381, '13151', '2021-08-08 00:00:00', '2021-08-08 07:00:00'),
(382, '13151', '2021-08-08 00:00:00', '2021-08-08 07:00:00'),
(383, '13151', '2021-08-08 00:00:00', '2021-08-08 07:00:00'),
(384, '13151', '2021-08-08 00:00:00', '2021-08-08 07:00:00'),
(385, '13161', '2021-08-08 00:00:00', '2021-08-08 07:00:00'),
(386, '13170', '2021-08-08 00:00:00', '2021-08-08 07:00:00'),
(387, '13171', '2021-08-08 00:00:00', '2021-08-08 07:00:00'),
(388, '13171', '2021-08-08 00:00:00', '2021-08-08 07:00:00'),
(389, '13171', '2021-08-08 00:00:00', '2021-08-08 07:00:00'),
(390, '13171', '2021-08-08 00:00:00', '2021-08-08 07:00:00'),
(391, '13171', '2021-08-08 00:00:00', '2021-08-08 07:00:00'),
(392, '13171', '2021-08-08 00:00:00', '2021-08-08 07:00:00'),
(393, '13171', '2021-08-08 00:00:00', '2021-08-08 07:00:00'),
(394, '13171', '2021-08-08 00:00:00', '2021-08-08 07:00:00'),
(395, '13180', '2021-08-08 00:00:00', '2021-08-08 07:00:00'),
(396, '13181', '2021-08-08 00:00:00', '2021-08-08 07:00:00'),
(397, '13181', '2021-08-08 00:00:00', '2021-08-08 07:00:00'),
(398, '13181', '2021-08-08 00:00:00', '2021-08-08 07:00:00'),
(399, '13190', '2021-08-08 00:00:00', '2021-08-08 07:00:00'),
(400, '13191', '2021-08-08 00:00:00', '2021-08-08 07:00:00'),
(401, '13191', '2021-08-08 00:00:00', '2021-08-08 07:00:00'),
(402, '13200', '2021-08-08 00:00:00', '2021-08-08 07:00:00'),
(403, '13201', '2021-08-08 00:00:00', '2021-08-08 07:00:00'),
(404, '13201', '2021-08-08 00:00:00', '2021-08-08 07:00:00'),
(405, '13201', '2021-08-08 00:00:00', '2021-08-08 07:00:00'),
(406, '13201', '2021-08-08 00:00:00', '2021-08-08 07:00:00'),
(407, '13210', '2021-08-08 00:00:00', '2021-08-08 07:00:00'),
(408, '13211', '2021-08-08 00:00:00', '2021-08-08 07:00:00'),
(409, '13211', '2021-08-08 00:00:00', '2021-08-08 07:00:00'),
(410, '13211', '2021-08-08 00:00:00', '2021-08-08 07:00:00'),
(411, '13211', '2021-08-08 00:00:00', '2021-08-08 07:00:00'),
(412, '13211', '2021-08-08 00:00:00', '2021-08-08 07:00:00'),
(413, '13220', '2021-08-08 00:00:00', '2021-08-08 07:00:00'),
(414, '13221', '2021-08-08 00:00:00', '2021-08-08 07:00:00'),
(415, '13221', '2021-08-08 00:00:00', '2021-08-08 07:00:00'),
(416, '13230', '2021-08-08 00:00:00', '2021-08-08 07:00:00'),
(417, '13231', '2021-08-08 00:00:00', '2021-08-08 07:00:00'),
(418, '13231', '2021-08-08 00:00:00', '2021-08-08 07:00:00'),
(419, '13231', '2021-08-08 00:00:00', '2021-08-08 07:00:00'),
(420, '13231', '2021-08-08 00:00:00', '2021-08-08 07:00:00'),
(421, '13231', '2021-08-08 00:00:00', '2021-08-08 07:00:00'),
(422, '13231', '2021-08-08 00:00:00', '2021-08-08 07:00:00'),
(423, '13231', '2021-08-08 00:00:00', '2021-08-08 07:00:00'),
(424, '13231', '2021-08-08 00:00:00', '2021-08-08 07:00:00'),
(425, '13231', '2021-08-08 00:00:00', '2021-08-08 07:00:00'),
(426, '13231', '2021-08-08 00:00:00', '2021-08-08 07:00:00'),
(427, '13231', '2021-08-08 00:00:00', '2021-08-08 07:00:00'),
(428, '14100', '2021-08-08 00:00:00', '2021-08-08 07:00:00'),
(429, '14101', '2021-08-08 00:00:00', '2021-08-08 07:00:00'),
(430, '14101', '2021-08-08 00:00:00', '2021-08-08 07:00:00'),
(431, '14101', '2021-08-08 00:00:00', '2021-08-08 07:00:00'),
(432, '14101', '2021-08-08 00:00:00', '2021-08-08 07:00:00'),
(433, '14101', '2021-08-08 00:00:00', '2021-08-08 07:00:00'),
(434, '14200', '2021-08-08 00:00:00', '2021-08-08 07:00:00'),
(435, '14201', '2021-08-08 00:00:00', '2021-08-08 07:00:00'),
(436, '14201', '2021-08-08 00:00:00', '2021-08-08 07:00:00'),
(437, '14201', '2021-08-08 00:00:00', '2021-08-08 07:00:00'),
(438, '14300', '2021-08-08 00:00:00', '2021-08-08 07:00:00'),
(439, '14301', '2021-08-08 00:00:00', '2021-08-08 07:00:00'),
(440, '14301', '2021-08-08 00:00:00', '2021-08-08 07:00:00'),
(441, '14301', '2021-08-08 00:00:00', '2021-08-08 07:00:00'),
(442, '14301', '2021-08-08 00:00:00', '2021-08-08 07:00:00'),
(443, '14301', '2021-08-08 00:00:00', '2021-08-08 07:00:00'),
(444, '14301', '2021-08-08 00:00:00', '2021-08-08 07:00:00'),
(445, '14301', '2021-08-08 00:00:00', '2021-08-08 07:00:00'),
(446, '14301', '2021-08-08 00:00:00', '2021-08-08 07:00:00'),
(447, '14301', '2021-08-08 00:00:00', '2021-08-08 07:00:00'),
(448, '14301', '2021-08-08 00:00:00', '2021-08-08 07:00:00'),
(449, '14301', '2021-08-08 00:00:00', '2021-08-08 07:00:00'),
(450, '14301', '2021-08-08 00:00:00', '2021-08-08 07:00:00'),
(451, '14400', '2021-08-08 00:00:00', '2021-08-08 07:00:00'),
(452, '15100', '2021-08-08 00:00:00', '2021-08-08 07:00:00'),
(453, '15101', '2021-08-08 00:00:00', '2021-08-08 07:00:00'),
(454, '15101', '2021-08-08 00:00:00', '2021-08-08 07:00:00'),
(455, '15101', '2021-08-08 00:00:00', '2021-08-08 07:00:00'),
(456, '15101', '2021-08-08 00:00:00', '2021-08-08 07:00:00'),
(457, '15101', '2021-08-08 00:00:00', '2021-08-08 07:00:00'),
(458, '15101', '2021-08-08 00:00:00', '2021-08-08 07:00:00'),
(459, '15101', '2021-08-08 00:00:00', '2021-08-08 07:00:00'),
(460, '15101', '2021-08-08 00:00:00', '2021-08-08 07:00:00'),
(461, '15101', '2021-08-08 00:00:00', '2021-08-08 07:00:00'),
(462, '15101', '2021-08-08 00:00:00', '2021-08-08 07:00:00'),
(463, '15101', '2021-08-08 00:00:00', '2021-08-08 07:00:00'),
(464, '15101', '2021-08-08 00:00:00', '2021-08-08 07:00:00'),
(465, '15101', '2021-08-08 00:00:00', '2021-08-08 07:00:00'),
(466, '15150', '2021-08-08 00:00:00', '2021-08-08 07:00:00'),
(467, '15200', '2021-08-08 00:00:00', '2021-08-08 07:00:00'),
(468, '15201', '2021-08-08 00:00:00', '2021-08-08 07:00:00'),
(469, '15201', '2021-08-08 00:00:00', '2021-08-08 07:00:00'),
(470, '15201', '2021-08-08 00:00:00', '2021-08-08 07:00:00'),
(471, '15201', '2021-08-08 00:00:00', '2021-08-08 07:00:00'),
(472, '15201', '2021-08-08 00:00:00', '2021-08-08 07:00:00'),
(473, '15300', '2021-08-08 00:00:00', '2021-08-08 07:00:00'),
(474, '15301', '2021-08-08 00:00:00', '2021-08-08 07:00:00'),
(475, '15301', '2021-08-08 00:00:00', '2021-08-08 07:00:00'),
(476, '15301', '2021-08-08 00:00:00', '2021-08-08 07:00:00'),
(477, '15301', '2021-08-08 00:00:00', '2021-08-08 07:00:00'),
(478, '15301', '2021-08-08 00:00:00', '2021-08-08 07:00:00'),
(479, '15301', '2021-08-08 00:00:00', '2021-08-08 07:00:00'),
(480, '15301', '2021-08-08 00:00:00', '2021-08-08 07:00:00'),
(481, '15301', '2021-08-08 00:00:00', '2021-08-08 07:00:00'),
(482, '15301', '2021-08-08 00:00:00', '2021-08-08 07:00:00'),
(483, '15350', '2021-08-08 00:00:00', '2021-08-08 07:00:00'),
(484, '15400', '2021-08-08 00:00:00', '2021-08-08 07:00:00'),
(485, '15401', '2021-08-08 00:00:00', '2021-08-08 07:00:00'),
(486, '15401', '2021-08-08 00:00:00', '2021-08-08 07:00:00'),
(487, '15401', '2021-08-08 00:00:00', '2021-08-08 07:00:00'),
(488, '15401', '2021-08-08 00:00:00', '2021-08-08 07:00:00'),
(489, '15401', '2021-08-08 00:00:00', '2021-08-08 07:00:00'),
(490, '15500', '2021-08-08 00:00:00', '2021-08-08 07:00:00'),
(491, '15501', '2021-08-08 00:00:00', '2021-08-08 07:00:00'),
(492, '15501', '2021-08-08 00:00:00', '2021-08-08 07:00:00'),
(493, '15550', '2021-08-08 00:00:00', '2021-08-08 07:00:00'),
(494, '15600', '2021-08-08 00:00:00', '2021-08-08 07:00:00'),
(495, '15601', '2021-08-08 00:00:00', '2021-08-08 07:00:00'),
(496, '15601', '2021-08-08 00:00:00', '2021-08-08 07:00:00'),
(497, '15601', '2021-08-08 00:00:00', '2021-08-08 07:00:00'),
(498, '15601', '2021-08-08 00:00:00', '2021-08-08 07:00:00'),
(499, '15650', '2021-08-08 00:00:00', '2021-08-08 07:00:00'),
(500, '15651', '2021-08-08 00:00:00', '2021-08-08 07:00:00'),
(501, '15700', '2021-08-08 00:00:00', '2021-08-08 07:00:00'),
(502, '15701', '2021-08-08 00:00:00', '2021-08-08 07:00:00'),
(503, '15701', '2021-08-08 00:00:00', '2021-08-08 07:00:00'),
(504, '15701', '2021-08-08 00:00:00', '2021-08-08 07:00:00'),
(505, '15800', '2021-08-08 00:00:00', '2021-08-08 07:00:00'),
(506, '15801', '2021-08-08 00:00:00', '2021-08-08 07:00:00'),
(507, '15900', '2021-08-08 00:00:00', '2021-08-08 07:00:00'),
(508, '16100', '2021-08-08 00:00:00', '2021-08-08 07:00:00'),
(509, '16101', '2021-08-08 00:00:00', '2021-08-08 07:00:00'),
(510, '16101', '2021-08-08 00:00:00', '2021-08-08 07:00:00'),
(511, '16101', '2021-08-08 00:00:00', '2021-08-08 07:00:00'),
(512, '16101', '2021-08-08 00:00:00', '2021-08-08 07:00:00'),
(513, '16101', '2021-08-08 00:00:00', '2021-08-08 07:00:00'),
(514, '16101', '2021-08-08 00:00:00', '2021-08-08 07:00:00'),
(515, '16101', '2021-08-08 00:00:00', '2021-08-08 07:00:00'),
(516, '16200', '2021-08-08 00:00:00', '2021-08-08 07:00:00'),
(517, '16201', '2021-08-08 00:00:00', '2021-08-08 07:00:00'),
(518, '16201', '2021-08-08 00:00:00', '2021-08-08 07:00:00'),
(519, '16201', '2021-08-08 00:00:00', '2021-08-08 07:00:00'),
(520, '16201', '2021-08-08 00:00:00', '2021-08-08 07:00:00'),
(521, '16201', '2021-08-08 00:00:00', '2021-08-08 07:00:00'),
(522, '16201', '2021-08-08 00:00:00', '2021-08-08 07:00:00'),
(523, '16201', '2021-08-08 00:00:00', '2021-08-08 07:00:00'),
(524, '16300', '2021-08-08 00:00:00', '2021-08-08 07:00:00'),
(525, '16301', '2021-08-08 00:00:00', '2021-08-08 07:00:00'),
(526, '16301', '2021-08-08 00:00:00', '2021-08-08 07:00:00'),
(527, '16301', '2021-08-08 00:00:00', '2021-08-08 07:00:00'),
(528, '16301', '2021-08-08 00:00:00', '2021-08-08 07:00:00'),
(529, '16301', '2021-08-08 00:00:00', '2021-08-08 07:00:00'),
(530, '16301', '2021-08-08 00:00:00', '2021-08-08 07:00:00'),
(531, '16301', '2021-08-08 00:00:00', '2021-08-08 07:00:00'),
(532, '16301', '2021-08-08 00:00:00', '2021-08-08 07:00:00'),
(533, '16400', '2021-08-08 00:00:00', '2021-08-08 07:00:00'),
(534, '16401', '2021-08-08 00:00:00', '2021-08-08 07:00:00'),
(535, '16401', '2021-08-08 00:00:00', '2021-08-08 07:00:00'),
(536, '16401', '2021-08-08 00:00:00', '2021-08-08 07:00:00'),
(537, '16401', '2021-08-08 00:00:00', '2021-08-08 07:00:00'),
(538, '16401', '2021-08-08 00:00:00', '2021-08-08 07:00:00'),
(539, '16401', '2021-08-08 00:00:00', '2021-08-08 07:00:00'),
(540, '16401', '2021-08-08 00:00:00', '2021-08-08 07:00:00'),
(541, '16401', '2021-08-08 00:00:00', '2021-08-08 07:00:00'),
(542, '16450', '2021-08-08 00:00:00', '2021-08-08 07:00:00'),
(543, '16500', '2021-08-08 00:00:00', '2021-08-08 07:00:00'),
(544, '16501', '2021-08-08 00:00:00', '2021-08-08 07:00:00'),
(545, '16501', '2021-08-08 00:00:00', '2021-08-08 07:00:00'),
(546, '16501', '2021-08-08 00:00:00', '2021-08-08 07:00:00'),
(547, '16600', '2021-08-08 00:00:00', '2021-08-08 07:00:00'),
(548, '16601', '2021-08-08 00:00:00', '2021-08-08 07:00:00'),
(549, '16700', '2021-08-08 00:00:00', '2021-08-08 07:00:00'),
(550, '16701', '2021-08-08 00:00:00', '2021-08-08 07:00:00'),
(551, '16701', '2021-08-08 00:00:00', '2021-08-08 07:00:00'),
(552, '16701', '2021-08-08 00:00:00', '2021-08-08 07:00:00'),
(553, '16701', '2021-08-08 00:00:00', '2021-08-08 07:00:00'),
(554, '16701', '2021-08-08 00:00:00', '2021-08-08 07:00:00'),
(555, '16800', '2021-08-08 00:00:00', '2021-08-08 07:00:00'),
(556, '16801', '2021-08-08 00:00:00', '2021-08-08 07:00:00'),
(557, '16801', '2021-08-08 00:00:00', '2021-08-08 07:00:00'),
(558, '16801', '2021-08-08 00:00:00', '2021-08-08 07:00:00'),
(559, '16801', '2021-08-08 00:00:00', '2021-08-08 07:00:00'),
(560, '16801', '2021-08-08 00:00:00', '2021-08-08 07:00:00'),
(561, '16801', '2021-08-08 00:00:00', '2021-08-08 07:00:00'),
(562, '16801', '2021-08-08 00:00:00', '2021-08-08 07:00:00'),
(563, '16801', '2021-08-08 00:00:00', '2021-08-08 07:00:00'),
(564, '16801', '2021-08-08 00:00:00', '2021-08-08 07:00:00'),
(565, '16900', '2021-08-08 00:00:00', '2021-08-08 07:00:00'),
(566, '16901', '2021-08-08 00:00:00', '2021-08-08 07:00:00'),
(567, '16901', '2021-08-08 00:00:00', '2021-08-08 07:00:00'),
(568, '17010', '2021-08-08 00:00:00', '2021-08-08 07:00:00'),
(569, '17011', '2021-08-08 00:00:00', '2021-08-08 07:00:00'),
(570, '17011', '2021-08-08 00:00:00', '2021-08-08 07:00:00'),
(571, '17011', '2021-08-08 00:00:00', '2021-08-08 07:00:00'),
(572, '17011', '2021-08-08 00:00:00', '2021-08-08 07:00:00'),
(573, '17011', '2021-08-08 00:00:00', '2021-08-08 07:00:00'),
(574, '17011', '2021-08-08 00:00:00', '2021-08-08 07:00:00'),
(575, '17011', '2021-08-08 00:00:00', '2021-08-08 07:00:00'),
(576, '17011', '2021-08-08 00:00:00', '2021-08-08 07:00:00'),
(577, '17011', '2021-08-08 00:00:00', '2021-08-08 07:00:00'),
(578, '17011', '2021-08-08 00:00:00', '2021-08-08 07:00:00'),
(579, '17011', '2021-08-08 00:00:00', '2021-08-08 07:00:00'),
(580, '17020', '2021-08-08 00:00:00', '2021-08-08 07:00:00'),
(581, '17021', '2021-08-08 00:00:00', '2021-08-08 07:00:00'),
(582, '17021', '2021-08-08 00:00:00', '2021-08-08 07:00:00'),
(583, '17021', '2021-08-08 00:00:00', '2021-08-08 07:00:00'),
(584, '17021', '2021-08-08 00:00:00', '2021-08-08 07:00:00'),
(585, '17021', '2021-08-08 00:00:00', '2021-08-08 07:00:00'),
(586, '17021', '2021-08-08 00:00:00', '2021-08-08 07:00:00'),
(587, '17021', '2021-08-08 00:00:00', '2021-08-08 07:00:00'),
(588, '17030', '2021-08-08 00:00:00', '2021-08-08 07:00:00'),
(589, '17031', '2021-08-08 00:00:00', '2021-08-08 07:00:00'),
(590, '17031', '2021-08-08 00:00:00', '2021-08-08 07:00:00'),
(591, '17050', '2021-08-08 00:00:00', '2021-08-08 07:00:00'),
(592, '17051', '2021-08-08 00:00:00', '2021-08-08 07:00:00'),
(593, '17051', '2021-08-08 00:00:00', '2021-08-08 07:00:00'),
(594, '17051', '2021-08-08 00:00:00', '2021-08-08 07:00:00'),
(595, '17051', '2021-08-08 00:00:00', '2021-08-08 07:00:00'),
(596, '17051', '2021-08-08 00:00:00', '2021-08-08 07:00:00'),
(597, '17051', '2021-08-08 00:00:00', '2021-08-08 07:00:00'),
(598, '17061', '2021-08-08 00:00:00', '2021-08-08 07:00:00'),
(599, '17061', '2021-08-08 00:00:00', '2021-08-08 07:00:00'),
(600, '17061', '2021-08-08 00:00:00', '2021-08-08 07:00:00'),
(601, '17061', '2021-08-08 00:00:00', '2021-08-08 07:00:00'),
(602, '17061', '2021-08-08 00:00:00', '2021-08-08 07:00:00'),
(603, '17080', '2021-08-08 00:00:00', '2021-08-08 07:00:00'),
(604, '17081', '2021-08-08 00:00:00', '2021-08-08 07:00:00'),
(605, '17081', '2021-08-08 00:00:00', '2021-08-08 07:00:00'),
(606, '17081', '2021-08-08 00:00:00', '2021-08-08 07:00:00'),
(607, '17081', '2021-08-08 00:00:00', '2021-08-08 07:00:00'),
(608, '17081', '2021-08-08 00:00:00', '2021-08-08 07:00:00'),
(609, '17081', '2021-08-08 00:00:00', '2021-08-08 07:00:00'),
(610, '17081', '2021-08-08 00:00:00', '2021-08-08 07:00:00'),
(611, '17081', '2021-08-08 00:00:00', '2021-08-08 07:00:00'),
(612, '17100', '2021-08-08 00:00:00', '2021-08-08 07:00:00'),
(613, '17101', '2021-08-08 00:00:00', '2021-08-08 07:00:00'),
(614, '17101', '2021-08-08 00:00:00', '2021-08-08 07:00:00'),
(615, '17110', '2021-08-08 00:00:00', '2021-08-08 07:00:00'),
(616, '17111', '2021-08-08 00:00:00', '2021-08-08 07:00:00'),
(617, '17111', '2021-08-08 00:00:00', '2021-08-08 07:00:00'),
(618, '17111', '2021-08-08 00:00:00', '2021-08-08 07:00:00'),
(619, '17111', '2021-08-08 00:00:00', '2021-08-08 07:00:00'),
(620, '17111', '2021-08-08 00:00:00', '2021-08-08 07:00:00'),
(621, '17111', '2021-08-08 00:00:00', '2021-08-08 07:00:00'),
(622, '17120', '2021-08-08 00:00:00', '2021-08-08 07:00:00'),
(623, '17121', '2021-08-08 00:00:00', '2021-08-08 07:00:00'),
(624, '17121', '2021-08-08 00:00:00', '2021-08-08 07:00:00'),
(625, '17121', '2021-08-08 00:00:00', '2021-08-08 07:00:00'),
(626, '17130', '2021-08-08 00:00:00', '2021-08-08 07:00:00'),
(627, '17131', '2021-08-08 00:00:00', '2021-08-08 07:00:00'),
(628, '17131', '2021-08-08 00:00:00', '2021-08-08 07:00:00'),
(629, '17131', '2021-08-08 00:00:00', '2021-08-08 07:00:00'),
(630, '17131', '2021-08-08 00:00:00', '2021-08-08 07:00:00'),
(631, '17131', '2021-08-08 00:00:00', '2021-08-08 07:00:00'),
(632, '17131', '2021-08-08 00:00:00', '2021-08-08 07:00:00'),
(633, '17140', '2021-08-08 00:00:00', '2021-08-08 07:00:00'),
(634, '17200', '2021-08-08 00:00:00', '2021-08-08 07:00:00'),
(635, '17201', '2021-08-08 00:00:00', '2021-08-08 07:00:00'),
(636, '17201', '2021-08-08 00:00:00', '2021-08-08 07:00:00'),
(637, '17201', '2021-08-08 00:00:00', '2021-08-08 07:00:00'),
(638, '17201', '2021-08-08 00:00:00', '2021-08-08 07:00:00'),
(639, '17201', '2021-08-08 00:00:00', '2021-08-08 07:00:00'),
(640, '17201', '2021-08-08 00:00:00', '2021-08-08 07:00:00'),
(641, '17201', '2021-08-08 00:00:00', '2021-08-08 07:00:00'),
(642, '17201', '2021-08-08 00:00:00', '2021-08-08 07:00:00'),
(643, '17201', '2021-08-08 00:00:00', '2021-08-08 07:00:00'),
(644, '17201', '2021-08-08 00:00:00', '2021-08-08 07:00:00'),
(645, '17201', '2021-08-08 00:00:00', '2021-08-08 07:00:00'),
(646, '17201', '2021-08-08 00:00:00', '2021-08-08 07:00:00'),
(647, '17201', '2021-08-08 00:00:00', '2021-08-08 07:00:00'),
(648, '17201', '2021-08-08 00:00:00', '2021-08-08 07:00:00'),
(649, '17201', '2021-08-08 00:00:00', '2021-08-08 07:00:00'),
(650, '17201', '2021-08-08 00:00:00', '2021-08-08 07:00:00'),
(651, '17201', '2021-08-08 00:00:00', '2021-08-08 07:00:00'),
(652, '17201', '2021-08-08 00:00:00', '2021-08-08 07:00:00'),
(653, '17201', '2021-08-08 00:00:00', '2021-08-08 07:00:00'),
(654, '17210', '2021-08-08 00:00:00', '2021-08-08 07:00:00'),
(655, '17211', '2021-08-08 00:00:00', '2021-08-08 07:00:00'),
(656, '17220', '2021-08-08 00:00:00', '2021-08-08 07:00:00'),
(657, '17221', '2021-08-08 00:00:00', '2021-08-08 07:00:00'),
(658, '17221', '2021-08-08 00:00:00', '2021-08-08 07:00:00'),
(659, '17221', '2021-08-08 00:00:00', '2021-08-08 07:00:00'),
(660, '17221', '2021-08-08 00:00:00', '2021-08-08 07:00:00'),
(661, '17221', '2021-08-08 00:00:00', '2021-08-08 07:00:00'),
(662, '17221', '2021-08-08 00:00:00', '2021-08-08 07:00:00'),
(663, '17221', '2021-08-08 00:00:00', '2021-08-08 07:00:00'),
(664, '17221', '2021-08-08 00:00:00', '2021-08-08 07:00:00'),
(665, '17230', '2021-08-08 00:00:00', '2021-08-08 07:00:00'),
(666, '17234', '2021-08-08 00:00:00', '2021-08-08 07:00:00'),
(667, '17240', '2021-08-08 00:00:00', '2021-08-08 07:00:00'),
(668, '17250', '2021-08-08 00:00:00', '2021-08-08 07:00:00'),
(669, '17260', '2021-08-08 00:00:00', '2021-08-08 07:00:00'),
(670, '17261', '2021-08-08 00:00:00', '2021-08-08 07:00:00'),
(671, '17501', '2021-08-08 00:00:00', '2021-08-08 07:00:00'),
(672, '17501', '2021-08-08 00:00:00', '2021-08-08 07:00:00'),
(673, '17501', '2021-08-08 00:00:00', '2021-08-08 07:00:00'),
(674, '18000', '2021-08-08 00:00:00', '2021-08-08 07:00:00'),
(675, '18001', '2021-08-08 00:00:00', '2021-08-08 07:00:00'),
(676, '18001', '2021-08-08 00:00:00', '2021-08-08 07:00:00'),
(677, '18001', '2021-08-08 00:00:00', '2021-08-08 07:00:00'),
(678, '18001', '2021-08-08 00:00:00', '2021-08-08 07:00:00'),
(679, '18001', '2021-08-08 00:00:00', '2021-08-08 07:00:00'),
(680, '18001', '2021-08-08 00:00:00', '2021-08-08 07:00:00'),
(681, '18001', '2021-08-08 00:00:00', '2021-08-08 07:00:00'),
(682, '18001', '2021-08-08 00:00:00', '2021-08-08 07:00:00'),
(683, '18001', '2021-08-08 00:00:00', '2021-08-08 07:00:00'),
(684, '18001', '2021-08-08 00:00:00', '2021-08-08 07:00:00'),
(685, '18001', '2021-08-08 00:00:00', '2021-08-08 07:00:00'),
(686, '18050', '2021-08-08 00:00:00', '2021-08-08 07:00:00'),
(687, '18050', '2021-08-08 00:00:00', '2021-08-08 07:00:00'),
(688, '18051', '2021-08-08 00:00:00', '2021-08-08 07:00:00'),
(689, '18100', '2021-08-08 00:00:00', '2021-08-08 07:00:00'),
(690, '18150', '2021-08-08 00:00:00', '2021-08-08 07:00:00'),
(691, '18151', '2021-08-08 00:00:00', '2021-08-08 07:00:00'),
(692, '18151', '2021-08-08 00:00:00', '2021-08-08 07:00:00'),
(693, '18151', '2021-08-08 00:00:00', '2021-08-08 07:00:00'),
(694, '18151', '2021-08-08 00:00:00', '2021-08-08 07:00:00'),
(695, '18151', '2021-08-08 00:00:00', '2021-08-08 07:00:00'),
(696, '18151', '2021-08-08 00:00:00', '2021-08-08 07:00:00'),
(697, '18151', '2021-08-08 00:00:00', '2021-08-08 07:00:00'),
(698, '18200', '2021-08-08 00:00:00', '2021-08-08 07:00:00'),
(699, '18201', '2021-08-08 00:00:00', '2021-08-08 07:00:00'),
(700, '18201', '2021-08-08 00:00:00', '2021-08-08 07:00:00'),
(701, '18201', '2021-08-08 00:00:00', '2021-08-08 07:00:00'),
(702, '18201', '2021-08-08 00:00:00', '2021-08-08 07:00:00'),
(703, '18201', '2021-08-08 00:00:00', '2021-08-08 07:00:00'),
(704, '18250', '2021-08-08 00:00:00', '2021-08-08 07:00:00'),
(705, '18251', '2021-08-08 00:00:00', '2021-08-08 07:00:00'),
(706, '18251', '2021-08-08 00:00:00', '2021-08-08 07:00:00'),
(707, '18251', '2021-08-08 00:00:00', '2021-08-08 07:00:00'),
(708, '18251', '2021-08-08 00:00:00', '2021-08-08 07:00:00'),
(709, '18251', '2021-08-08 00:00:00', '2021-08-08 07:00:00'),
(710, '18251', '2021-08-08 00:00:00', '2021-08-08 07:00:00'),
(711, '18300', '2021-08-08 00:00:00', '2021-08-08 07:00:00'),
(712, '18301', '2021-08-08 00:00:00', '2021-08-08 07:00:00'),
(713, '18301', '2021-08-08 00:00:00', '2021-08-08 07:00:00'),
(714, '18301', '2021-08-08 00:00:00', '2021-08-08 07:00:00'),
(715, '18301', '2021-08-08 00:00:00', '2021-08-08 07:00:00'),
(716, '18301', '2021-08-08 00:00:00', '2021-08-08 07:00:00'),
(717, '18301', '2021-08-08 00:00:00', '2021-08-08 07:00:00'),
(718, '18301', '2021-08-08 00:00:00', '2021-08-08 07:00:00'),
(719, '18301', '2021-08-08 00:00:00', '2021-08-08 07:00:00'),
(720, '18301', '2021-08-08 00:00:00', '2021-08-08 07:00:00'),
(721, '18301', '2021-08-08 00:00:00', '2021-08-08 07:00:00'),
(722, '18301', '2021-08-08 00:00:00', '2021-08-08 07:00:00'),
(723, '18301', '2021-08-08 00:00:00', '2021-08-08 07:00:00'),
(724, '18301', '2021-08-08 00:00:00', '2021-08-08 07:00:00'),
(725, '18301', '2021-08-08 00:00:00', '2021-08-08 07:00:00'),
(726, '18301', '2021-08-08 00:00:00', '2021-08-08 07:00:00'),
(727, '18301', '2021-08-08 00:00:00', '2021-08-08 07:00:00'),
(728, '18301', '2021-08-08 00:00:00', '2021-08-08 07:00:00'),
(729, '18350', '2021-08-08 00:00:00', '2021-08-08 07:00:00'),
(730, '18351', '2021-08-08 00:00:00', '2021-08-08 07:00:00'),
(731, '18351', '2021-08-08 00:00:00', '2021-08-08 07:00:00'),
(732, '18351', '2021-08-08 00:00:00', '2021-08-08 07:00:00'),
(733, '18351', '2021-08-08 00:00:00', '2021-08-08 07:00:00'),
(734, '18351', '2021-08-08 00:00:00', '2021-08-08 07:00:00'),
(735, '18400', '2021-08-08 00:00:00', '2021-08-08 07:00:00'),
(736, '18450', '2021-08-08 00:00:00', '2021-08-08 07:00:00'),
(737, '18500', '2021-08-08 00:00:00', '2021-08-08 07:00:00'),
(738, '18501', '2021-08-08 00:00:00', '2021-08-08 07:00:00'),
(739, '18501', '2021-08-08 00:00:00', '2021-08-08 07:00:00'),
(740, '18501', '2021-08-08 00:00:00', '2021-08-08 07:00:00'),
(741, '18501', '2021-08-08 00:00:00', '2021-08-08 07:00:00'),
(742, '18550', '2021-08-08 00:00:00', '2021-08-08 07:00:00'),
(743, '18551', '2021-08-08 00:00:00', '2021-08-08 07:00:00'),
(744, '18551', '2021-08-08 00:00:00', '2021-08-08 07:00:00'),
(745, '18600', '2021-08-08 00:00:00', '2021-08-08 07:00:00'),
(746, '18601', '2021-08-08 00:00:00', '2021-08-08 07:00:00'),
(747, '18601', '2021-08-08 00:00:00', '2021-08-08 07:00:00'),
(748, '18601', '2021-08-08 00:00:00', '2021-08-08 07:00:00'),
(749, '18650', '2021-08-08 00:00:00', '2021-08-08 07:00:00'),
(750, '18651', '2021-08-08 00:00:00', '2021-08-08 07:00:00'),
(751, '18651', '2021-08-08 00:00:00', '2021-08-08 07:00:00'),
(752, '18651', '2021-08-08 00:00:00', '2021-08-08 07:00:00'),
(753, '18651', '2021-08-08 00:00:00', '2021-08-08 07:00:00'),
(754, '18651', '2021-08-08 00:00:00', '2021-08-08 07:00:00'),
(755, '18700', '2021-08-08 00:00:00', '2021-08-08 07:00:00'),
(756, '18701', '2021-08-08 00:00:00', '2021-08-08 07:00:00'),
(757, '18701', '2021-08-08 00:00:00', '2021-08-08 07:00:00'),
(758, '18701', '2021-08-08 00:00:00', '2021-08-08 07:00:00'),
(759, '18701', '2021-08-08 00:00:00', '2021-08-08 07:00:00'),
(760, '18701', '2021-08-08 00:00:00', '2021-08-08 07:00:00'),
(761, '18750', '2021-08-08 00:00:00', '2021-08-08 07:00:00'),
(762, '18751', '2021-08-08 00:00:00', '2021-08-08 07:00:00'),
(763, '18800', '2021-08-08 00:00:00', '2021-08-08 07:00:00'),
(764, '18801', '2021-08-08 00:00:00', '2021-08-08 07:00:00'),
(765, '18801', '2021-08-08 00:00:00', '2021-08-08 07:00:00'),
(766, '18801', '2021-08-08 00:00:00', '2021-08-08 07:00:00'),
(767, '18801', '2021-08-08 00:00:00', '2021-08-08 07:00:00'),
(768, '18801', '2021-08-08 00:00:00', '2021-08-08 07:00:00'),
(769, '18801', '2021-08-08 00:00:00', '2021-08-08 07:00:00'),
(770, '19010', '2021-08-08 00:00:00', '2021-08-08 07:00:00'),
(771, '19011', '2021-08-08 00:00:00', '2021-08-08 07:00:00'),
(772, '19011', '2021-08-08 00:00:00', '2021-08-08 07:00:00'),
(773, '19011', '2021-08-08 00:00:00', '2021-08-08 07:00:00'),
(774, '19011', '2021-08-08 00:00:00', '2021-08-08 07:00:00'),
(775, '19020', '2021-08-08 00:00:00', '2021-08-08 07:00:00'),
(776, '19021', '2021-08-08 00:00:00', '2021-08-08 07:00:00'),
(777, '19021', '2021-08-08 00:00:00', '2021-08-08 07:00:00'),
(778, '19030', '2021-08-08 00:00:00', '2021-08-08 07:00:00'),
(779, '19031', '2021-08-08 00:00:00', '2021-08-08 07:00:00'),
(780, '19031', '2021-08-08 00:00:00', '2021-08-08 07:00:00'),
(781, '19040', '2021-08-08 00:00:00', '2021-08-08 07:00:00'),
(782, '19041', '2021-08-08 00:00:00', '2021-08-08 07:00:00'),
(783, '19041', '2021-08-08 00:00:00', '2021-08-08 07:00:00'),
(784, '19041', '2021-08-08 00:00:00', '2021-08-08 07:00:00'),
(785, '19041', '2021-08-08 00:00:00', '2021-08-08 07:00:00'),
(786, '19041', '2021-08-08 00:00:00', '2021-08-08 07:00:00'),
(787, '19041', '2021-08-08 00:00:00', '2021-08-08 07:00:00'),
(788, '19041', '2021-08-08 00:00:00', '2021-08-08 07:00:00'),
(789, '19041', '2021-08-08 00:00:00', '2021-08-08 07:00:00'),
(790, '19041', '2021-08-08 00:00:00', '2021-08-08 07:00:00'),
(791, '19041', '2021-08-08 00:00:00', '2021-08-08 07:00:00'),
(792, '19041', '2021-08-08 00:00:00', '2021-08-08 07:00:00'),
(793, '19041', '2021-08-08 00:00:00', '2021-08-08 07:00:00'),
(794, '19041', '2021-08-08 00:00:00', '2021-08-08 07:00:00'),
(795, '19041', '2021-08-08 00:00:00', '2021-08-08 07:00:00'),
(796, '19050', '2021-08-08 00:00:00', '2021-08-08 07:00:00'),
(797, '19051', '2021-08-08 00:00:00', '2021-08-08 07:00:00'),
(798, '19051', '2021-08-08 00:00:00', '2021-08-08 07:00:00'),
(799, '19051', '2021-08-08 00:00:00', '2021-08-08 07:00:00'),
(800, '19051', '2021-08-08 00:00:00', '2021-08-08 07:00:00'),
(801, '19060', '2021-08-08 00:00:00', '2021-08-08 07:00:00'),
(802, '19061', '2021-08-08 00:00:00', '2021-08-08 07:00:00'),
(803, '19061', '2021-08-08 00:00:00', '2021-08-08 07:00:00'),
(804, '19070', '2021-08-08 00:00:00', '2021-08-08 07:00:00'),
(805, '19071', '2021-08-08 00:00:00', '2021-08-08 07:00:00'),
(806, '19071', '2021-08-08 00:00:00', '2021-08-08 07:00:00'),
(807, '19071', '2021-08-08 00:00:00', '2021-08-08 07:00:00'),
(808, '19071', '2021-08-08 00:00:00', '2021-08-08 07:00:00'),
(809, '19071', '2021-08-08 00:00:00', '2021-08-08 07:00:00'),
(810, '19071', '2021-08-08 00:00:00', '2021-08-08 07:00:00'),
(811, '19071', '2021-08-08 00:00:00', '2021-08-08 07:00:00'),
(812, '19100', '2021-08-08 00:00:00', '2021-08-08 07:00:00'),
(813, '19101', '2021-08-08 00:00:00', '2021-08-08 07:00:00'),
(814, '19101', '2021-08-08 00:00:00', '2021-08-08 07:00:00'),
(815, '19101', '2021-08-08 00:00:00', '2021-08-08 07:00:00'),
(816, '19101', '2021-08-08 00:00:00', '2021-08-08 07:00:00'),
(817, '19101', '2021-08-08 00:00:00', '2021-08-08 07:00:00'),
(818, '19101', '2021-08-08 00:00:00', '2021-08-08 07:00:00'),
(819, '19101', '2021-08-08 00:00:00', '2021-08-08 07:00:00'),
(820, '19101', '2021-08-08 00:00:00', '2021-08-08 07:00:00'),
(821, '19101', '2021-08-08 00:00:00', '2021-08-08 07:00:00'),
(822, '19101', '2021-08-08 00:00:00', '2021-08-08 07:00:00'),
(823, '19101', '2021-08-08 00:00:00', '2021-08-08 07:00:00'),
(824, '19101', '2021-08-08 00:00:00', '2021-08-08 07:00:00'),
(825, '19101', '2021-08-08 00:00:00', '2021-08-08 07:00:00'),
(826, '19101', '2021-08-08 00:00:00', '2021-08-08 07:00:00'),
(827, '19101', '2021-08-08 00:00:00', '2021-08-08 07:00:00'),
(828, '19101', '2021-08-08 00:00:00', '2021-08-08 07:00:00'),
(829, '19101', '2021-08-08 00:00:00', '2021-08-08 07:00:00'),
(830, '19110', '2021-08-08 00:00:00', '2021-08-08 07:00:00'),
(831, '19111', '2021-08-08 00:00:00', '2021-08-08 07:00:00'),
(832, '19111', '2021-08-08 00:00:00', '2021-08-08 07:00:00'),
(833, '19111', '2021-08-08 00:00:00', '2021-08-08 07:00:00');
INSERT INTO `cod_pincodes` (`id`, `pincodes`, `created_at`, `updated_at`) VALUES
(834, '19120', '2021-08-08 00:00:00', '2021-08-08 07:00:00'),
(835, '19121', '2021-08-08 00:00:00', '2021-08-08 07:00:00'),
(836, '19130', '2021-08-08 00:00:00', '2021-08-08 07:00:00'),
(837, '19131', '2021-08-08 00:00:00', '2021-08-08 07:00:00'),
(838, '19131', '2021-08-08 00:00:00', '2021-08-08 07:00:00'),
(839, '19131', '2021-08-08 00:00:00', '2021-08-08 07:00:00'),
(840, '19131', '2021-08-08 00:00:00', '2021-08-08 07:00:00'),
(841, '19140', '2021-08-08 00:00:00', '2021-08-08 07:00:00'),
(842, '19150', '2021-08-08 00:00:00', '2021-08-08 07:00:00'),
(843, '19200', '2021-08-08 00:00:00', '2021-08-08 07:00:00'),
(844, '19201', '2021-08-08 00:00:00', '2021-08-08 07:00:00'),
(845, '19201', '2021-08-08 00:00:00', '2021-08-08 07:00:00'),
(846, '19201', '2021-08-08 00:00:00', '2021-08-08 07:00:00'),
(847, '19201', '2021-08-08 00:00:00', '2021-08-08 07:00:00'),
(848, '19201', '2021-08-08 00:00:00', '2021-08-08 07:00:00'),
(849, '19201', '2021-08-08 00:00:00', '2021-08-08 07:00:00'),
(850, '19201', '2021-08-08 00:00:00', '2021-08-08 07:00:00'),
(851, '19201', '2021-08-08 00:00:00', '2021-08-08 07:00:00'),
(852, '19201', '2021-08-08 00:00:00', '2021-08-08 07:00:00'),
(853, '19201', '2021-08-08 00:00:00', '2021-08-08 07:00:00'),
(854, '19201', '2021-08-08 00:00:00', '2021-08-08 07:00:00'),
(855, '19201', '2021-08-08 00:00:00', '2021-08-08 07:00:00'),
(856, '19201', '2021-08-08 00:00:00', '2021-08-08 07:00:00'),
(857, '19201', '2021-08-08 00:00:00', '2021-08-08 07:00:00'),
(858, '19201', '2021-08-08 00:00:00', '2021-08-08 07:00:00'),
(859, '19201', '2021-08-08 00:00:00', '2021-08-08 07:00:00'),
(860, '19201', '2021-08-08 00:00:00', '2021-08-08 07:00:00'),
(861, '19201', '2021-08-08 00:00:00', '2021-08-08 07:00:00'),
(862, '19201', '2021-08-08 00:00:00', '2021-08-08 07:00:00'),
(863, '19201', '2021-08-08 00:00:00', '2021-08-08 07:00:00'),
(864, '19201', '2021-08-08 00:00:00', '2021-08-08 07:00:00'),
(865, '19210', '2021-08-08 00:00:00', '2021-08-08 07:00:00'),
(866, '19211', '2021-08-08 00:00:00', '2021-08-08 07:00:00'),
(867, '19211', '2021-08-08 00:00:00', '2021-08-08 07:00:00'),
(868, '19211', '2021-08-08 00:00:00', '2021-08-08 07:00:00'),
(869, '19211', '2021-08-08 00:00:00', '2021-08-08 07:00:00'),
(870, '19211', '2021-08-08 00:00:00', '2021-08-08 07:00:00'),
(871, '19211', '2021-08-08 00:00:00', '2021-08-08 07:00:00'),
(872, '19230', '2021-08-08 00:00:00', '2021-08-08 07:00:00'),
(873, '19240', '2021-08-08 00:00:00', '2021-08-08 07:00:00'),
(874, '19241', '2021-08-08 00:00:00', '2021-08-08 07:00:00'),
(875, '19241', '2021-08-08 00:00:00', '2021-08-08 07:00:00'),
(876, '19241', '2021-08-08 00:00:00', '2021-08-08 07:00:00'),
(877, '19241', '2021-08-08 00:00:00', '2021-08-08 07:00:00'),
(878, '19241', '2021-08-08 00:00:00', '2021-08-08 07:00:00'),
(879, '19250', '2021-08-08 00:00:00', '2021-08-08 07:00:00'),
(880, '19251', '2021-08-08 00:00:00', '2021-08-08 07:00:00'),
(881, '19270', '2021-08-08 00:00:00', '2021-08-08 07:00:00'),
(882, '19280', '2021-08-08 00:00:00', '2021-08-08 07:00:00'),
(883, '19281', '2021-08-08 00:00:00', '2021-08-08 07:00:00'),
(884, '19281', '2021-08-08 00:00:00', '2021-08-08 07:00:00'),
(885, '19281', '2021-08-08 00:00:00', '2021-08-08 07:00:00'),
(886, '19281', '2021-08-08 00:00:00', '2021-08-08 07:00:00'),
(887, '19281', '2021-08-08 00:00:00', '2021-08-08 07:00:00'),
(888, '19290', '2021-08-08 00:00:00', '2021-08-08 07:00:00'),
(889, '19291', '2021-08-08 00:00:00', '2021-08-08 07:00:00'),
(890, '19291', '2021-08-08 00:00:00', '2021-08-08 07:00:00'),
(891, '19291', '2021-08-08 00:00:00', '2021-08-08 07:00:00'),
(892, '19291', '2021-08-08 00:00:00', '2021-08-08 07:00:00'),
(893, '19291', '2021-08-08 00:00:00', '2021-08-08 07:00:00'),
(894, '19291', '2021-08-08 00:00:00', '2021-08-08 07:00:00'),
(895, '19291', '2021-08-08 00:00:00', '2021-08-08 07:00:00'),
(896, '19291', '2021-08-08 00:00:00', '2021-08-08 07:00:00'),
(897, '19291', '2021-08-08 00:00:00', '2021-08-08 07:00:00'),
(898, '19291', '2021-08-08 00:00:00', '2021-08-08 07:00:00'),
(899, '19291', '2021-08-08 00:00:00', '2021-08-08 07:00:00'),
(900, '19291', '2021-08-08 00:00:00', '2021-08-08 07:00:00'),
(901, '19291', '2021-08-08 00:00:00', '2021-08-08 07:00:00'),
(902, '19300', '2021-08-08 00:00:00', '2021-08-08 07:00:00'),
(903, '19301', '2021-08-08 00:00:00', '2021-08-08 07:00:00'),
(904, '19301', '2021-08-08 00:00:00', '2021-08-08 07:00:00'),
(905, '19301', '2021-08-08 00:00:00', '2021-08-08 07:00:00'),
(906, '19301', '2021-08-08 00:00:00', '2021-08-08 07:00:00'),
(907, '19301', '2021-08-08 00:00:00', '2021-08-08 07:00:00'),
(908, '20000', '2021-08-08 00:00:00', '2021-08-08 07:00:00'),
(909, '20100', '2021-08-08 00:00:00', '2021-08-08 07:00:00'),
(910, '20101', '2021-08-08 00:00:00', '2021-08-08 07:00:00'),
(911, '20101', '2021-08-08 00:00:00', '2021-08-08 07:00:00'),
(912, '20200', '2021-08-08 00:00:00', '2021-08-08 07:00:00'),
(913, '20201', '2021-08-08 00:00:00', '2021-08-08 07:00:00'),
(914, '20210', '2021-08-08 00:00:00', '2021-08-08 07:00:00'),
(915, '20300', '2021-08-08 00:00:00', '2021-08-08 07:00:00'),
(916, '20301', '2021-08-08 00:00:00', '2021-08-08 07:00:00'),
(917, '20400', '2021-08-08 00:00:00', '2021-08-08 07:00:00'),
(918, '20500', '2021-08-08 00:00:00', '2021-08-08 07:00:00'),
(919, '20501', '2021-08-08 00:00:00', '2021-08-08 07:00:00'),
(920, '20501', '2021-08-08 00:00:00', '2021-08-08 07:00:00'),
(921, '21010', '2021-08-08 00:00:00', '2021-08-08 07:00:00'),
(922, '21011', '2021-08-08 00:00:00', '2021-08-08 07:00:00'),
(923, '21011', '2021-08-08 00:00:00', '2021-08-08 07:00:00'),
(924, '21011', '2021-08-08 00:00:00', '2021-08-08 07:00:00'),
(925, '21011', '2021-08-08 00:00:00', '2021-08-08 07:00:00'),
(926, '21011', '2021-08-08 00:00:00', '2021-08-08 07:00:00'),
(927, '21011', '2021-08-08 00:00:00', '2021-08-08 07:00:00'),
(928, '21011', '2021-08-08 00:00:00', '2021-08-08 07:00:00'),
(929, '21011', '2021-08-08 00:00:00', '2021-08-08 07:00:00'),
(930, '21011', '2021-08-08 00:00:00', '2021-08-08 07:00:00'),
(931, '21011', '2021-08-08 00:00:00', '2021-08-08 07:00:00'),
(932, '21011', '2021-08-08 00:00:00', '2021-08-08 07:00:00'),
(933, '21011', '2021-08-08 00:00:00', '2021-08-08 07:00:00'),
(934, '21011', '2021-08-08 00:00:00', '2021-08-08 07:00:00'),
(935, '21011', '2021-08-08 00:00:00', '2021-08-08 07:00:00'),
(936, '21020', '2021-08-08 00:00:00', '2021-08-08 07:00:00'),
(937, '21021', '2021-08-08 00:00:00', '2021-08-08 07:00:00'),
(938, '21021', '2021-08-08 00:00:00', '2021-08-08 07:00:00'),
(939, '21021', '2021-08-08 00:00:00', '2021-08-08 07:00:00'),
(940, '21030', '2021-08-08 00:00:00', '2021-08-08 07:00:00'),
(941, '21031', '2021-08-08 00:00:00', '2021-08-08 07:00:00'),
(942, '21031', '2021-08-08 00:00:00', '2021-08-08 07:00:00'),
(943, '21031', '2021-08-08 00:00:00', '2021-08-08 07:00:00'),
(944, '21031', '2021-08-08 00:00:00', '2021-08-08 07:00:00'),
(945, '21031', '2021-08-08 00:00:00', '2021-08-08 07:00:00'),
(946, '21031', '2021-08-08 00:00:00', '2021-08-08 07:00:00'),
(947, '21031', '2021-08-08 00:00:00', '2021-08-08 07:00:00'),
(948, '21040', '2021-08-08 00:00:00', '2021-08-08 07:00:00'),
(949, '21041', '2021-08-08 00:00:00', '2021-08-08 07:00:00'),
(950, '21041', '2021-08-08 00:00:00', '2021-08-08 07:00:00'),
(951, '21041', '2021-08-08 00:00:00', '2021-08-08 07:00:00'),
(952, '21041', '2021-08-08 00:00:00', '2021-08-08 07:00:00'),
(953, '21041', '2021-08-08 00:00:00', '2021-08-08 07:00:00'),
(954, '21041', '2021-08-08 00:00:00', '2021-08-08 07:00:00'),
(955, '21041', '2021-08-08 00:00:00', '2021-08-08 07:00:00'),
(956, '21041', '2021-08-08 00:00:00', '2021-08-08 07:00:00'),
(957, '21041', '2021-08-08 00:00:00', '2021-08-08 07:00:00'),
(958, '21050', '2021-08-08 00:00:00', '2021-08-08 07:00:00'),
(959, '21051', '2021-08-08 00:00:00', '2021-08-08 07:00:00'),
(960, '21060', '2021-08-08 00:00:00', '2021-08-08 07:00:00'),
(961, '21061', '2021-08-08 00:00:00', '2021-08-08 07:00:00'),
(962, '21061', '2021-08-08 00:00:00', '2021-08-08 07:00:00'),
(963, '21061', '2021-08-08 00:00:00', '2021-08-08 07:00:00'),
(964, '21061', '2021-08-08 00:00:00', '2021-08-08 07:00:00'),
(965, '21061', '2021-08-08 00:00:00', '2021-08-08 07:00:00'),
(966, '21061', '2021-08-08 00:00:00', '2021-08-08 07:00:00'),
(967, '21061', '2021-08-08 00:00:00', '2021-08-08 07:00:00'),
(968, '21061', '2021-08-08 00:00:00', '2021-08-08 07:00:00'),
(969, '21061', '2021-08-08 00:00:00', '2021-08-08 07:00:00'),
(970, '21061', '2021-08-08 00:00:00', '2021-08-08 07:00:00'),
(971, '21061', '2021-08-08 00:00:00', '2021-08-08 07:00:00'),
(972, '21070', '2021-08-08 00:00:00', '2021-08-08 07:00:00'),
(973, '21080', '2021-08-08 00:00:00', '2021-08-08 07:00:00'),
(974, '21090', '2021-08-08 00:00:00', '2021-08-08 07:00:00'),
(975, '21091', '2021-08-08 00:00:00', '2021-08-08 07:00:00'),
(976, '21091', '2021-08-08 00:00:00', '2021-08-08 07:00:00'),
(977, '21091', '2021-08-08 00:00:00', '2021-08-08 07:00:00'),
(978, '21091', '2021-08-08 00:00:00', '2021-08-08 07:00:00'),
(979, '21091', '2021-08-08 00:00:00', '2021-08-08 07:00:00'),
(980, '21091', '2021-08-08 00:00:00', '2021-08-08 07:00:00'),
(981, '21091', '2021-08-08 00:00:00', '2021-08-08 07:00:00'),
(982, '21091', '2021-08-08 00:00:00', '2021-08-08 07:00:00'),
(983, '21100', '2021-08-08 00:00:00', '2021-08-08 07:00:00'),
(984, '21101', '2021-08-08 00:00:00', '2021-08-08 07:00:00'),
(985, '21110', '2021-08-08 00:00:00', '2021-08-08 07:00:00'),
(986, '21111', '2021-08-08 00:00:00', '2021-08-08 07:00:00'),
(987, '21111', '2021-08-08 00:00:00', '2021-08-08 07:00:00'),
(988, '21111', '2021-08-08 00:00:00', '2021-08-08 07:00:00'),
(989, '21111', '2021-08-08 00:00:00', '2021-08-08 07:00:00'),
(990, '21111', '2021-08-08 00:00:00', '2021-08-08 07:00:00'),
(991, '21130', '2021-08-08 00:00:00', '2021-08-08 07:00:00'),
(992, '21131', '2021-08-08 00:00:00', '2021-08-08 07:00:00'),
(993, '21131', '2021-08-08 00:00:00', '2021-08-08 07:00:00'),
(994, '21131', '2021-08-08 00:00:00', '2021-08-08 07:00:00'),
(995, '21140', '2021-08-08 00:00:00', '2021-08-08 07:00:00');

-- --------------------------------------------------------

--
-- Table structure for table `countries`
--

CREATE TABLE `countries` (
  `id` int(11) NOT NULL,
  `country_code` varchar(2) NOT NULL DEFAULT '',
  `country_name` varchar(100) NOT NULL DEFAULT '',
  `status` tinyint(4) NOT NULL DEFAULT 1
) ENGINE=MyISAM DEFAULT CHARSET=utf8;

--
-- Dumping data for table `countries`
--

INSERT INTO `countries` (`id`, `country_code`, `country_name`, `status`) VALUES
(1, 'AF', 'Afghanistan', 1),
(2, 'AL', 'Albania', 1),
(3, 'DZ', 'Algeria', 1),
(4, 'DS', 'American Samoa', 1),
(5, 'AD', 'Andorra', 1),
(6, 'AO', 'Angola', 1),
(7, 'AI', 'Anguilla', 1),
(8, 'AQ', 'Antarctica', 1),
(9, 'AG', 'Antigua and Barbuda', 1),
(10, 'AR', 'Argentina', 1),
(11, 'AM', 'Armenia', 1),
(12, 'AW', 'Aruba', 1),
(13, 'AU', 'Australia', 1),
(14, 'AT', 'Austria', 1),
(15, 'AZ', 'Azerbaijan', 1),
(16, 'BS', 'Bahamas', 1),
(17, 'BH', 'Bahrain', 1),
(18, 'BD', 'Bangladesh', 1),
(19, 'BB', 'Barbados', 1),
(20, 'BY', 'Belarus', 1),
(21, 'BE', 'Belgium', 1),
(22, 'BZ', 'Belize', 1),
(23, 'BJ', 'Benin', 1),
(24, 'BM', 'Bermuda', 1),
(25, 'BT', 'Bhutan', 1),
(26, 'BO', 'Bolivia', 1),
(27, 'BA', 'Bosnia and Herzegovina', 1),
(28, 'BW', 'Botswana', 1),
(29, 'BV', 'Bouvet Island', 1),
(30, 'BR', 'Brazil', 1),
(31, 'IO', 'British Indian Ocean Territory', 1),
(32, 'BN', 'Brunei Darussalam', 1),
(33, 'BG', 'Bulgaria', 1),
(34, 'BF', 'Burkina Faso', 1),
(35, 'BI', 'Burundi', 1),
(36, 'KH', 'Cambodia', 1),
(37, 'CM', 'Cameroon', 1),
(38, 'CA', 'Canada', 1),
(39, 'CV', 'Cape Verde', 1),
(40, 'KY', 'Cayman Islands', 1),
(41, 'CF', 'Central African Republic', 1),
(42, 'TD', 'Chad', 1),
(43, 'CL', 'Chile', 1),
(44, 'CN', 'China', 1),
(45, 'CX', 'Christmas Island', 1),
(46, 'CC', 'Cocos (Keeling) Islands', 1),
(47, 'CO', 'Colombia', 1),
(48, 'KM', 'Comoros', 1),
(49, 'CD', 'Democratic Republic of the Congo', 1),
(50, 'CG', 'Republic of Congo', 1),
(51, 'CK', 'Cook Islands', 1),
(52, 'CR', 'Costa Rica', 1),
(53, 'HR', 'Croatia (Hrvatska)', 1),
(54, 'CU', 'Cuba', 1),
(55, 'CY', 'Cyprus', 1),
(56, 'CZ', 'Czech Republic', 1),
(57, 'DK', 'Denmark', 1),
(58, 'DJ', 'Djibouti', 1),
(59, 'DM', 'Dominica', 1),
(60, 'DO', 'Dominican Republic', 1),
(61, 'TP', 'East Timor', 1),
(62, 'EC', 'Ecuador', 1),
(63, 'EG', 'Egypt', 1),
(64, 'SV', 'El Salvador', 1),
(65, 'GQ', 'Equatorial Guinea', 1),
(66, 'ER', 'Eritrea', 1),
(67, 'EE', 'Estonia', 1),
(68, 'ET', 'Ethiopia', 1),
(69, 'FK', 'Falkland Islands (Malvinas)', 1),
(70, 'FO', 'Faroe Islands', 1),
(71, 'FJ', 'Fiji', 1),
(72, 'FI', 'Finland', 1),
(73, 'FR', 'France', 1),
(74, 'FX', 'France, Metropolitan', 1),
(75, 'GF', 'French Guiana', 1),
(76, 'PF', 'French Polynesia', 1),
(77, 'TF', 'French Southern Territories', 1),
(78, 'GA', 'Gabon', 1),
(79, 'GM', 'Gambia', 1),
(80, 'GE', 'Georgia', 1),
(81, 'DE', 'Germany', 1),
(82, 'GH', 'Ghana', 1),
(83, 'GI', 'Gibraltar', 1),
(84, 'GK', 'Guernsey', 1),
(85, 'GR', 'Greece', 1),
(86, 'GL', 'Greenland', 1),
(87, 'GD', 'Grenada', 1),
(88, 'GP', 'Guadeloupe', 1),
(89, 'GU', 'Guam', 1),
(90, 'GT', 'Guatemala', 1),
(91, 'GN', 'Guinea', 1),
(92, 'GW', 'Guinea-Bissau', 1),
(93, 'GY', 'Guyana', 1),
(94, 'HT', 'Haiti', 1),
(95, 'HM', 'Heard and Mc Donald Islands', 1),
(96, 'HN', 'Honduras', 1),
(97, 'HK', 'Hong Kong', 1),
(98, 'HU', 'Hungary', 1),
(99, 'IS', 'Iceland', 1),
(100, 'IN', 'India', 1),
(101, 'IM', 'Isle of Man', 1),
(102, 'ID', 'Indonesia', 1),
(103, 'IR', 'Iran (Islamic Republic of)', 1),
(104, 'IQ', 'Iraq', 1),
(105, 'IE', 'Ireland', 1),
(106, 'IL', 'Israel', 1),
(107, 'IT', 'Italy', 1),
(108, 'CI', 'Ivory Coast', 1),
(109, 'JE', 'Jersey', 1),
(110, 'JM', 'Jamaica', 1),
(111, 'JP', 'Japan', 1),
(112, 'JO', 'Jordan', 1),
(113, 'KZ', 'Kazakhstan', 1),
(114, 'KE', 'Kenya', 1),
(115, 'KI', 'Kiribati', 1),
(116, 'KP', 'Korea, Democratic People\'s Republic of', 1),
(117, 'KR', 'Korea, Republic of', 1),
(118, 'XK', 'Kosovo', 1),
(119, 'KW', 'Kuwait', 1),
(120, 'KG', 'Kyrgyzstan', 1),
(121, 'LA', 'Lao People\'s Democratic Republic', 1),
(122, 'LV', 'Latvia', 1),
(123, 'LB', 'Lebanon', 1),
(124, 'LS', 'Lesotho', 1),
(125, 'LR', 'Liberia', 1),
(126, 'LY', 'Libyan Arab Jamahiriya', 1),
(127, 'LI', 'Liechtenstein', 1),
(128, 'LT', 'Lithuania', 1),
(129, 'LU', 'Luxembourg', 1),
(130, 'MO', 'Macau', 1),
(131, 'MK', 'North Macedonia', 1),
(132, 'MG', 'Madagascar', 1),
(133, 'MW', 'Malawi', 1),
(134, 'MY', 'Malaysia', 1),
(135, 'MV', 'Maldives', 1),
(136, 'ML', 'Mali', 1),
(137, 'MT', 'Malta', 1),
(138, 'MH', 'Marshall Islands', 1),
(139, 'MQ', 'Martinique', 1),
(140, 'MR', 'Mauritania', 1),
(141, 'MU', 'Mauritius', 1),
(142, 'TY', 'Mayotte', 1),
(143, 'MX', 'Mexico', 1),
(144, 'FM', 'Micronesia, Federated States of', 1),
(145, 'MD', 'Moldova, Republic of', 1),
(146, 'MC', 'Monaco', 1),
(147, 'MN', 'Mongolia', 1),
(148, 'ME', 'Montenegro', 1),
(149, 'MS', 'Montserrat', 1),
(150, 'MA', 'Morocco', 1),
(151, 'MZ', 'Mozambique', 1),
(152, 'MM', 'Myanmar', 1),
(153, 'NA', 'Namibia', 1),
(154, 'NR', 'Nauru', 1),
(155, 'NP', 'Nepal', 1),
(156, 'NL', 'Netherlands', 1),
(157, 'AN', 'Netherlands Antilles', 1),
(158, 'NC', 'New Caledonia', 1),
(159, 'NZ', 'New Zealand', 1),
(160, 'NI', 'Nicaragua', 1),
(161, 'NE', 'Niger', 1),
(162, 'NG', 'Nigeria', 1),
(163, 'NU', 'Niue', 1),
(164, 'NF', 'Norfolk Island', 1),
(165, 'MP', 'Northern Mariana Islands', 1),
(166, 'NO', 'Norway', 1),
(167, 'OM', 'Oman', 1),
(168, 'PK', 'Pakistan', 1),
(169, 'PW', 'Palau', 1),
(170, 'PS', 'Palestine', 1),
(171, 'PA', 'Panama', 1),
(172, 'PG', 'Papua New Guinea', 1),
(173, 'PY', 'Paraguay', 1),
(174, 'PE', 'Peru', 1),
(175, 'PH', 'Philippines', 1),
(176, 'PN', 'Pitcairn', 1),
(177, 'PL', 'Poland', 1),
(178, 'PT', 'Portugal', 1),
(179, 'PR', 'Puerto Rico', 1),
(180, 'QA', 'Qatar', 1),
(181, 'RE', 'Reunion', 1),
(182, 'RO', 'Romania', 1),
(183, 'RU', 'Russian Federation', 1),
(184, 'RW', 'Rwanda', 1),
(185, 'KN', 'Saint Kitts and Nevis', 1),
(186, 'LC', 'Saint Lucia', 1),
(187, 'VC', 'Saint Vincent and the Grenadines', 1),
(188, 'WS', 'Samoa', 1),
(189, 'SM', 'San Marino', 1),
(190, 'ST', 'Sao Tome and Principe', 1),
(191, 'SA', 'Saudi Arabia', 1),
(192, 'SN', 'Senegal', 1),
(193, 'RS', 'Serbia', 1),
(194, 'SC', 'Seychelles', 1),
(195, 'SL', 'Sierra Leone', 1),
(196, 'SG', 'Singapore', 1),
(197, 'SK', 'Slovakia', 1),
(198, 'SI', 'Slovenia', 1),
(199, 'SB', 'Solomon Islands', 1),
(200, 'SO', 'Somalia', 1),
(201, 'ZA', 'South Africa', 1),
(202, 'GS', 'South Georgia South Sandwich Islands', 1),
(203, 'SS', 'South Sudan', 1),
(204, 'ES', 'Spain', 1),
(205, 'LK', 'Sri Lanka', 1),
(206, 'SH', 'St. Helena', 1),
(207, 'PM', 'St. Pierre and Miquelon', 1),
(208, 'SD', 'Sudan', 1),
(209, 'SR', 'Suriname', 1),
(210, 'SJ', 'Svalbard and Jan Mayen Islands', 1),
(211, 'SZ', 'Swaziland', 1),
(212, 'SE', 'Sweden', 1),
(213, 'CH', 'Switzerland', 1),
(214, 'SY', 'Syrian Arab Republic', 1),
(215, 'TW', 'Taiwan', 1),
(216, 'TJ', 'Tajikistan', 1),
(217, 'TZ', 'Tanzania, United Republic of', 1),
(218, 'TH', 'Thailand', 1),
(219, 'TG', 'Togo', 1),
(220, 'TK', 'Tokelau', 1),
(221, 'TO', 'Tonga', 1),
(222, 'TT', 'Trinidad and Tobago', 1),
(223, 'TN', 'Tunisia', 1),
(224, 'TR', 'Turkey', 1),
(225, 'TM', 'Turkmenistan', 1),
(226, 'TC', 'Turks and Caicos Islands', 1),
(227, 'TV', 'Tuvalu', 1),
(228, 'UG', 'Uganda', 1),
(229, 'UA', 'Ukraine', 1),
(230, 'AE', 'United Arab Emirates', 1),
(231, 'GB', 'United Kingdom', 1),
(232, 'US', 'United States', 1),
(233, 'UM', 'United States minor outlying islands', 1),
(234, 'UY', 'Uruguay', 1),
(235, 'UZ', 'Uzbekistan', 1),
(236, 'VU', 'Vanuatu', 1),
(237, 'VA', 'Vatican City State', 1),
(238, 'VE', 'Venezuela', 1),
(239, 'VN', 'Vietnam', 1),
(240, 'VG', 'Virgin Islands (British)', 1),
(241, 'VI', 'Virgin Islands (U.S.)', 1),
(242, 'WF', 'Wallis and Futuna Islands', 1),
(243, 'EH', 'Western Sahara', 1),
(244, 'YE', 'Yemen', 1),
(245, 'ZM', 'Zambia', 1),
(246, 'ZW', 'Zimbabwe', 1);

-- --------------------------------------------------------

--
-- Table structure for table `coupons`
--

CREATE TABLE `coupons` (
  `id` bigint(20) UNSIGNED NOT NULL,
  `coupon_option` varchar(255) COLLATE utf8mb4_unicode_ci NOT NULL,
  `coupon_code` varchar(255) COLLATE utf8mb4_unicode_ci NOT NULL,
  `categories` text COLLATE utf8mb4_unicode_ci NOT NULL,
  `users` text COLLATE utf8mb4_unicode_ci NOT NULL,
  `coupon_type` varchar(255) COLLATE utf8mb4_unicode_ci NOT NULL,
  `amount_type` varchar(255) COLLATE utf8mb4_unicode_ci NOT NULL,
  `amount` double(8,2) NOT NULL,
  `expiry_date` date NOT NULL,
  `status` tinyint(4) NOT NULL,
  `created_at` timestamp NULL DEFAULT NULL,
  `updated_at` timestamp NULL DEFAULT NULL
) ENGINE=InnoDB DEFAULT CHARSET=utf8mb4 COLLATE=utf8mb4_unicode_ci;

--
-- Dumping data for table `coupons`
--

INSERT INTO `coupons` (`id`, `coupon_option`, `coupon_code`, `categories`, `users`, `coupon_type`, `amount_type`, `amount`, `expiry_date`, `status`, `created_at`, `updated_at`) VALUES
(1, 'Manual', 'test10', '2,3', 'dummy@gmailc.om,faiza@gmail.com', 'single', 'Percentage', 10.00, '2021-12-31', 1, NULL, '2021-01-08 12:06:59'),
(2, 'Automatic', '9517608', '2,9', 'dummy@gmail.com', 'Multiple Times', 'Percentage', 87.00, '2021-07-29', 1, '2021-07-29 20:58:37', '2021-07-31 03:32:57'),
(3, 'Manual', 'RE23322', '4,5,3,7', 'dummy@gmail.com', 'Single Time', 'Fixed', 300.00, '2022-07-29', 1, '2021-07-29 21:02:46', '2021-08-02 18:55:19'),
(4, 'Automatic', '720034', '2,4', 'dummy@gmail.com', 'Multiple Times', 'Percentage', 5.00, '2022-08-05', 1, '2021-07-29 21:07:42', '2021-07-31 04:09:35'),
(6, 'Automatic', '895086', '2,4', 'developer@gmail.com', 'Multiple Times', 'Fixed', 342345.00, '2022-03-03', 1, '2021-07-29 21:10:52', '2021-07-29 21:10:52'),
(7, 'Automatic', '8872192', '5', 'dummy@gmail.com', 'Single Time', 'Fixed', 500000.00, '2022-05-04', 1, '2021-07-29 21:20:37', '2021-07-29 21:20:37'),
(8, 'Manual', 'St3334', '4,5,3', '', 'Multiple Times', 'Percentage', 25.00, '2022-05-04', 1, '2021-07-29 21:44:49', '2021-08-07 08:54:46'),
(9, 'Manual', 'Go4344', '2,3', 'dummy@gmail.com', 'Multiple Times', 'Percentage', 19.99, '2021-11-03', 1, '2021-07-29 21:52:02', '2021-08-07 08:55:58'),
(10, 'Manual', 'Co43332', '2,10', 'dummy@gmail.com,developer@gmail.com', 'Single Time', 'Percentage', 50.00, '2022-05-04', 1, '2021-07-30 04:29:29', '2021-07-30 04:29:29'),
(11, 'Manual', 'CO-3445', '2,4,5,9,3,7', 'dummy@gmail.com', 'Multiple Times', 'Percentage', 25.00, '2021-10-05', 1, '2021-08-05 21:09:07', '2021-08-07 08:57:37'),
(12, 'Manual', 'CO-4444', '4,7', 'dummy@gmail.com,developer@gmail.com', 'Single Time', 'Fixed', 100.00, '2021-08-25', 1, '2021-08-05 21:44:06', '2021-08-05 21:48:23');

-- --------------------------------------------------------

--
-- Table structure for table `delievery_addresses`
--

CREATE TABLE `delievery_addresses` (
  `id` bigint(20) UNSIGNED NOT NULL,
  `user_id` int(11) NOT NULL,
  `name` varchar(255) COLLATE utf8mb4_unicode_ci NOT NULL,
  `address` varchar(255) COLLATE utf8mb4_unicode_ci NOT NULL,
  `city` varchar(255) COLLATE utf8mb4_unicode_ci NOT NULL,
  `state` varchar(255) COLLATE utf8mb4_unicode_ci NOT NULL,
  `country` varchar(255) COLLATE utf8mb4_unicode_ci NOT NULL,
  `pincode` varchar(255) COLLATE utf8mb4_unicode_ci NOT NULL,
  `mobile` varchar(255) COLLATE utf8mb4_unicode_ci NOT NULL,
  `status` tinyint(4) NOT NULL,
  `created_at` timestamp NULL DEFAULT NULL,
  `updated_at` timestamp NULL DEFAULT NULL
) ENGINE=InnoDB DEFAULT CHARSET=utf8mb4 COLLATE=utf8mb4_unicode_ci;

--
-- Dumping data for table `delievery_addresses`
--

INSERT INTO `delievery_addresses` (`id`, `user_id`, `name`, `address`, `city`, `state`, `country`, `pincode`, `mobile`, `status`, `created_at`, `updated_at`) VALUES
(7, 4, 'Awais', 'Muhammadi Town Sohan Islamabad', 'islambad', 'Islambad', 'Pakistan', '46000', '03045097559', 0, '2021-08-03 02:32:04', '2021-08-15 05:16:35'),
(8, 4, 'Jennifer gwal', 'jennifergwaltney1@gmail.com', 'Houston', 'Texas', 'United States', '77002', '00189767898', 0, '2021-08-04 16:10:11', '2021-08-15 05:33:51'),
(9, 5, 'Developer', 'Street#55, Houston Texas United Stattes', 'Houston', 'Texas', 'United States', '770000', '00123457654', 0, '2021-08-05 21:51:32', '2021-08-05 21:51:32'),
(10, 4, 'Arzi', 'arzi address of arzi world', 'arzi city', 'arzi state', 'Aruba', '99999', '03045097559', 0, '2021-08-15 05:38:57', '2021-08-15 05:41:26'),
(11, 4, 'test', 'test city test state of test country', 'testing', 'testi state', 'Azerbaijan', '50550', '99999999999', 0, '2021-08-15 15:40:14', '2021-08-15 15:40:14');

-- --------------------------------------------------------

--
-- Table structure for table `failed_jobs`
--

CREATE TABLE `failed_jobs` (
  `id` bigint(20) UNSIGNED NOT NULL,
  `uuid` varchar(255) COLLATE utf8mb4_unicode_ci NOT NULL,
  `connection` text COLLATE utf8mb4_unicode_ci NOT NULL,
  `queue` text COLLATE utf8mb4_unicode_ci NOT NULL,
  `payload` longtext COLLATE utf8mb4_unicode_ci NOT NULL,
  `exception` longtext COLLATE utf8mb4_unicode_ci NOT NULL,
  `failed_at` timestamp NOT NULL DEFAULT current_timestamp()
) ENGINE=InnoDB DEFAULT CHARSET=utf8mb4 COLLATE=utf8mb4_unicode_ci;

-- --------------------------------------------------------

--
-- Table structure for table `migrations`
--

CREATE TABLE `migrations` (
  `id` int(10) UNSIGNED NOT NULL,
  `migration` varchar(255) COLLATE utf8mb4_unicode_ci NOT NULL,
  `batch` int(11) NOT NULL
) ENGINE=InnoDB DEFAULT CHARSET=utf8mb4 COLLATE=utf8mb4_unicode_ci;

--
-- Dumping data for table `migrations`
--

INSERT INTO `migrations` (`id`, `migration`, `batch`) VALUES
(1, '2014_10_12_000000_create_users_table', 1),
(2, '2014_10_12_100000_create_password_resets_table', 1),
(3, '2019_08_19_000000_create_failed_jobs_table', 1),
(4, '2020_12_11_171802_create_admins_table', 1),
(5, '2020_12_14_091512_create_sections_table', 2),
(6, '2020_12_14_115939_create_categories_table', 3),
(7, '2020_12_16_191916_create_products_table', 4),
(8, '2020_12_18_005504_create_products_attributes_table', 5),
(9, '2020_12_21_095614_create_products_images_table', 6),
(10, '2020_12_21_134045_create_brands_table', 7),
(11, '2020_12_21_172536_add_column_to_products', 8),
(12, '2020_12_22_132312_create_banners_table', 9),
(13, '2020_12_25_101152_create_carts_table', 10),
(14, '2020_12_25_101811_create_carts_table', 11),
(15, '2020_12_28_022107_add_columns_to_users', 12),
(16, '2020_12_29_125945_create_chat_messages_table', 13),
(17, '2021_01_08_135122_create_coupons_table', 14),
(18, '2021_08_02_132408_create_delievery_addresses_table', 15),
(19, '2021_08_02_205457_create_orders_table', 16),
(20, '2021_08_02_211154_create_orders_products_table', 17),
(21, '2021_08_03_194925_create_order_statuses_table', 18),
(22, '2021_08_04_130314_create_orders_logs_table', 19),
(23, '2021_08_04_135351_update_orders_table', 20),
(24, '2021_08_05_163648_create_shipping_charges_table', 21),
(25, '2021_08_06_222043_drop_column_from_shipping_charges_table', 22),
(26, '2021_08_06_223036_drop_column_from_shipping_charges_table', 23),
(30, '2021_08_06_223658_add_columns_to_shipping_charges_table', 24),
(31, '2021_08_16_234846_create_cms_pages_table', 25);

-- --------------------------------------------------------

--
-- Table structure for table `orders`
--

CREATE TABLE `orders` (
  `id` bigint(20) UNSIGNED NOT NULL,
  `user_id` int(11) NOT NULL,
  `name` varchar(255) COLLATE utf8mb4_unicode_ci NOT NULL,
  `address` varchar(255) COLLATE utf8mb4_unicode_ci NOT NULL,
  `city` varchar(255) COLLATE utf8mb4_unicode_ci NOT NULL,
  `state` varchar(255) COLLATE utf8mb4_unicode_ci NOT NULL,
  `country` varchar(255) COLLATE utf8mb4_unicode_ci NOT NULL,
  `pincode` varchar(255) COLLATE utf8mb4_unicode_ci NOT NULL,
  `mobile` varchar(255) COLLATE utf8mb4_unicode_ci NOT NULL,
  `email` varchar(255) COLLATE utf8mb4_unicode_ci NOT NULL,
  `shipping_charges` double(8,2) NOT NULL,
  `coupon_code` varchar(255) COLLATE utf8mb4_unicode_ci DEFAULT NULL,
  `coupon_amount` double(8,2) DEFAULT NULL,
  `order_status` varchar(255) COLLATE utf8mb4_unicode_ci NOT NULL,
  `payment_method` varchar(255) COLLATE utf8mb4_unicode_ci NOT NULL,
  `payment_gateway` varchar(255) COLLATE utf8mb4_unicode_ci NOT NULL,
  `grand_total` double(8,2) NOT NULL,
  `courier_name` varchar(255) COLLATE utf8mb4_unicode_ci NOT NULL,
  `tracking_number` varchar(255) COLLATE utf8mb4_unicode_ci NOT NULL,
  `created_at` timestamp NULL DEFAULT NULL,
  `updated_at` timestamp NULL DEFAULT NULL
) ENGINE=InnoDB DEFAULT CHARSET=utf8mb4 COLLATE=utf8mb4_unicode_ci;

--
-- Dumping data for table `orders`
--

INSERT INTO `orders` (`id`, `user_id`, `name`, `address`, `city`, `state`, `country`, `pincode`, `mobile`, `email`, `shipping_charges`, `coupon_code`, `coupon_amount`, `order_status`, `payment_method`, `payment_gateway`, `grand_total`, `courier_name`, `tracking_number`, `created_at`, `updated_at`) VALUES
(1, 4, 'Awais', 'Muhammadi Town Sohan Islamabad', 'islambad', 'Islambad', 'Pakistan', '460000', '03045097559', 'dummy@gmail.com', 0.00, '720034', 123.50, 'Shipped', 'COD', 'COD', 2346.50, 'Leopard', '879779', '2021-08-03 11:01:44', '2021-08-04 21:38:52'),
(2, 4, 'Awais', 'Muhammadi Town Sohan Islamabad', 'Islamabad', 'Capital Territory Islamabad', 'Pakistan', '46000', '00923045097558', 'dummy@gmail.com', 0.00, 'RE23322', 300.00, 'Paid', 'COD', 'COD', 1800.00, '', '', '2021-08-03 11:05:38', '2021-08-04 03:52:09'),
(3, 4, 'Awais', 'Muhammadi Town Sohan Islamabad', 'Islamabad', 'Capital Territory Islamabad', 'Pakistan', '46000', '00923045097558', 'dummy@gmail.com', 0.00, 'RE23322', 300.00, 'Shipped', 'COD', 'COD', 3700.00, 'Leopard', '7678678', '2021-08-03 11:07:20', '2021-08-05 02:48:24'),
(5, 4, 'Awais', 'Muhammadi Town Sohan Islamabad', 'Islamabad', 'Capital Territory Islamabad', 'Pakistan', '46000', '00923045097558', 'dummy@gmail.com', 0.00, 'RE23322', NULL, 'Shipped', 'COD', 'COD', 6650.00, 'Leopard', '3456', '2021-08-03 12:09:48', '2021-08-05 03:03:22'),
(6, 4, 'Awais', 'Muhammadi Town Sohan Islamabad', 'islambad', 'Islambad', 'Pakistan', '460000', '03045097559', 'dummy@gmail.com', 0.00, 'RE23322', NULL, 'Shipped', 'COD', 'COD', 5000.00, 'Leopard', '88789', '2021-08-03 12:21:49', '2021-08-05 21:40:45'),
(7, 4, 'Awais', 'Muhammadi Town Sohan Islamabad', 'islambad', 'Islambad', 'Pakistan', '460000', '03045097559', 'dummy@gmail.com', 0.00, NULL, NULL, 'In Process', 'COD', 'COD', 2510.00, '', '', '2021-08-03 17:21:12', '2021-08-04 03:39:26'),
(8, 4, 'Awais', 'Muhammadi Town Sohan Islamabad', 'islambad', 'Islambad', 'Pakistan', '460000', '03045097559', 'dummy@gmail.com', 0.00, 'RE23322', 300.00, 'New', 'COD', 'COD', 9800.00, '', '', '2021-08-04 05:22:37', '2021-08-04 05:22:37'),
(9, 4, 'Awais', 'Muhammadi Town Sohan Islamabad', 'islambad', 'Islambad', 'Pakistan', '460000', '03045097559', 'dummy@gmail.com', 0.00, 'RE23322', 300.00, 'New', 'COD', 'COD', 9800.00, '', '', '2021-08-04 05:23:49', '2021-08-04 05:23:49'),
(10, 4, 'Awais', 'Muhammadi Town Sohan Islamabad', 'islambad', 'Islambad', 'Pakistan', '460000', '03045097559', 'dummy@gmail.com', 0.00, 'RE23322', 300.00, 'New', 'COD', 'COD', 9800.00, '', '', '2021-08-04 05:27:13', '2021-08-04 05:27:13'),
(11, 4, 'Awais', 'Muhammadi Town Sohan Islamabad', 'islambad', 'Islambad', 'Pakistan', '460000', '03045097559', 'dummy@gmail.com', 0.00, 'RE23322', 300.00, 'Hold', 'COD', 'COD', 9800.00, '', '', '2021-08-04 05:29:51', '2021-08-04 20:14:31'),
(12, 4, 'Awais', 'Muhammadi Town Sohan Islamabad', 'islambad', 'Islambad', 'Pakistan', '460000', '03045097559', 'dummy@gmail.com', 0.00, 'RE23322', 300.00, 'New', 'COD', 'COD', 9800.00, '', '', '2021-08-04 05:30:35', '2021-08-04 05:30:35'),
(13, 4, 'Awais', 'Muhammadi Town Sohan Islamabad', 'islambad', 'Islambad', 'Pakistan', '460000', '03045097559', 'dummy@gmail.com', 0.00, 'RE23322', 300.00, 'New', 'COD', 'COD', 9800.00, '', '', '2021-08-04 05:37:01', '2021-08-04 05:37:01'),
(14, 4, 'Awais', 'Muhammadi Town Sohan Islamabad', 'islambad', 'Islambad', 'Pakistan', '460000', '03045097559', 'dummy@gmail.com', 0.00, 'RE23322', 300.00, 'New', 'COD', 'COD', 9800.00, '', '', '2021-08-04 05:39:04', '2021-08-04 05:39:04'),
(15, 4, 'Awais', 'Muhammadi Town Sohan Islamabad', 'islambad', 'Islambad', 'Pakistan', '460000', '03045097559', 'dummy@gmail.com', 0.00, 'RE23322', 300.00, 'New', 'COD', 'COD', 9800.00, '', '', '2021-08-04 05:39:44', '2021-08-04 05:39:44'),
(16, 4, 'Awais', 'Muhammadi Town Sohan Islamabad', 'islambad', 'Islambad', 'Pakistan', '460000', '03045097559', 'dummy@gmail.com', 0.00, 'RE23322', 300.00, 'New', 'COD', 'COD', 9800.00, '', '', '2021-08-04 05:42:09', '2021-08-04 05:42:09'),
(17, 4, 'Awais', 'Muhammadi Town Sohan Islamabad', 'islambad', 'Islambad', 'Pakistan', '460000', '03045097559', 'dummy@gmail.com', 0.00, 'RE23322', 300.00, 'New', 'COD', 'COD', 9800.00, '', '', '2021-08-04 05:43:00', '2021-08-04 05:43:00'),
(18, 4, 'Awais', 'Muhammadi Town Sohan Islamabad', 'Islamabad', 'Capital Territory Islamabad', 'Pakistan', '46000', '00923045097558', 'dummy@gmail.com', 0.00, 'RE23322', 300.00, 'New', 'COD', 'COD', 650.00, '', '', '2021-08-04 05:45:55', '2021-08-04 05:45:55'),
(19, 4, 'Awais', 'Muhammadi Town Sohan Islamabad', 'Islamabad', 'Capital Territory Islamabad', 'Pakistan', '46000', '00923045097558', 'dummy@gmail.com', 0.00, 'RE23322', 300.00, 'New', 'COD', 'COD', 650.00, '', '', '2021-08-04 05:46:32', '2021-08-04 05:46:32'),
(20, 4, 'Awais', 'Muhammadi Town Sohan Islamabad', 'Islamabad', 'Capital Territory Islamabad', 'Pakistan', '46000', '00923045097558', 'dummy@gmail.com', 0.00, 'RE23322', 300.00, 'New', 'COD', 'COD', 3025.00, '', '', '2021-08-04 05:47:49', '2021-08-04 05:47:49'),
(21, 4, 'Awais', 'Muhammadi Town Sohan Islamabad', 'Islamabad', 'Capital Territory Islamabad', 'Pakistan', '46000', '00923045097558', 'dummy@gmail.com', 0.00, 'RE23322', 300.00, 'New', 'COD', 'COD', 3025.00, '', '', '2021-08-04 05:48:17', '2021-08-04 05:48:17'),
(22, 4, 'Jennifer', 'jennifergwaltney1@gmail.com', 'Houston', 'Texas', 'United States', '770011', '00189767898', 'dummy@gmail.com', 0.00, NULL, NULL, 'New', 'COD', 'COD', 3040.00, '', '', '2021-08-04 16:10:29', '2021-08-04 16:10:29'),
(23, 4, 'Jennifer', 'jennifergwaltney1@gmail.com', 'Houston', 'Texas', 'United States', '770011', '00189767898', 'dummy@gmail.com', 0.00, NULL, NULL, 'New', 'COD', 'COD', 3040.00, '', '', '2021-08-04 16:14:06', '2021-08-04 16:14:06'),
(24, 4, 'Jennifer', 'jennifergwaltney1@gmail.com', 'Houston', 'Texas', 'United States', '770011', '00189767898', 'dummy@gmail.com', 0.00, NULL, NULL, 'New', 'COD', 'COD', 3040.00, '', '', '2021-08-04 16:15:32', '2021-08-04 16:15:32'),
(25, 4, 'Jennifer', 'jennifergwaltney1@gmail.com', 'Houston', 'Texas', 'United States', '770011', '00189767898', 'dummy@gmail.com', 0.00, NULL, NULL, 'New', 'COD', 'COD', 3040.00, '', '', '2021-08-04 16:17:02', '2021-08-04 16:17:02'),
(26, 4, 'Jennifer', 'jennifergwaltney1@gmail.com', 'Houston', 'Texas', 'United States', '770011', '00189767898', 'dummy@gmail.com', 0.00, NULL, NULL, 'New', 'COD', 'COD', 3040.00, '', '', '2021-08-04 16:18:19', '2021-08-04 16:18:19'),
(27, 4, 'Jennifer', 'jennifergwaltney1@gmail.com', 'Houston', 'Texas', 'United States', '770011', '00189767898', 'dummy@gmail.com', 0.00, NULL, NULL, 'New', 'COD', 'COD', 3040.00, '', '', '2021-08-04 16:18:26', '2021-08-04 16:18:26'),
(28, 4, 'Jennifer', 'jennifergwaltney1@gmail.com', 'Houston', 'Texas', 'United States', '770011', '00189767898', 'dummy@gmail.com', 0.00, NULL, NULL, 'New', 'COD', 'COD', 3040.00, '', '', '2021-08-04 16:19:34', '2021-08-04 16:19:34'),
(29, 4, 'Jennifer', 'jennifergwaltney1@gmail.com', 'Houston', 'Texas', 'United States', '770011', '00189767898', 'dummy@gmail.com', 0.00, NULL, NULL, 'New', 'COD', 'COD', 3040.00, '', '', '2021-08-04 16:20:14', '2021-08-04 16:20:14'),
(30, 4, 'Jennifer', 'jennifergwaltney1@gmail.com', 'Houston', 'Texas', 'United States', '770011', '00189767898', 'dummy@gmail.com', 0.00, NULL, NULL, 'New', 'COD', 'COD', 3040.00, '', '', '2021-08-04 16:21:09', '2021-08-04 16:21:09'),
(31, 4, 'Jennifer', 'jennifergwaltney1@gmail.com', 'Houston', 'Texas', 'United States', '770011', '00189767898', 'dummy@gmail.com', 0.00, NULL, NULL, 'New', 'COD', 'COD', 3040.00, '', '', '2021-08-04 16:21:59', '2021-08-04 16:21:59'),
(32, 4, 'Jennifer', 'jennifergwaltney1@gmail.com', 'Houston', 'Texas', 'United States', '770011', '00189767898', 'dummy@gmail.com', 0.00, NULL, NULL, 'New', 'COD', 'COD', 3040.00, '', '', '2021-08-04 16:23:14', '2021-08-04 16:23:14'),
(33, 4, 'Jennifer', 'jennifergwaltney1@gmail.com', 'Houston', 'Texas', 'United States', '770011', '00189767898', 'dummy@gmail.com', 0.00, NULL, NULL, 'New', 'COD', 'COD', 3040.00, '', '', '2021-08-04 16:24:08', '2021-08-04 16:24:08'),
(34, 4, 'Jennifer', 'jennifergwaltney1@gmail.com', 'Houston', 'Texas', 'United States', '770011', '00189767898', 'dummy@gmail.com', 0.00, NULL, NULL, 'New', 'COD', 'COD', 3040.00, '', '', '2021-08-04 16:24:22', '2021-08-04 16:24:22'),
(35, 4, 'Jennifer', 'jennifergwaltney1@gmail.com', 'Houston', 'Texas', 'United States', '770011', '00189767898', 'dummy@gmail.com', 0.00, NULL, NULL, 'New', 'COD', 'COD', 3040.00, '', '', '2021-08-04 16:24:47', '2021-08-04 16:24:47'),
(36, 4, 'Jennifer', 'jennifergwaltney1@gmail.com', 'Houston', 'Texas', 'United States', '770011', '00189767898', 'dummy@gmail.com', 0.00, NULL, NULL, 'New', 'COD', 'COD', 3040.00, '', '', '2021-08-04 16:25:21', '2021-08-04 16:25:21'),
(37, 4, 'Jennifer', 'jennifergwaltney1@gmail.com', 'Houston', 'Texas', 'United States', '770011', '00189767898', 'dummy@gmail.com', 0.00, NULL, NULL, 'New', 'COD', 'COD', 3040.00, '', '', '2021-08-04 16:25:35', '2021-08-04 16:25:35'),
(38, 4, 'Jennifer', 'jennifergwaltney1@gmail.com', 'Houston', 'Texas', 'United States', '770011', '00189767898', 'dummy@gmail.com', 0.00, NULL, NULL, 'New', 'COD', 'COD', 3040.00, '', '', '2021-08-04 16:25:52', '2021-08-04 16:25:52'),
(39, 4, 'Jennifer', 'jennifergwaltney1@gmail.com', 'Houston', 'Texas', 'United States', '770011', '00189767898', 'dummy@gmail.com', 0.00, NULL, NULL, 'New', 'COD', 'COD', 3040.00, '', '', '2021-08-04 16:26:53', '2021-08-04 16:26:53'),
(40, 4, 'Jennifer', 'jennifergwaltney1@gmail.com', 'Houston', 'Texas', 'United States', '770011', '00189767898', 'dummy@gmail.com', 0.00, NULL, NULL, 'New', 'COD', 'COD', 3040.00, '', '', '2021-08-04 16:27:20', '2021-08-04 16:27:20'),
(41, 4, 'Jennifer', 'jennifergwaltney1@gmail.com', 'Houston', 'Texas', 'United States', '770011', '00189767898', 'dummy@gmail.com', 0.00, NULL, NULL, 'New', 'COD', 'COD', 3040.00, '', '', '2021-08-04 16:27:36', '2021-08-04 16:27:36'),
(42, 4, 'Jennifer', 'jennifergwaltney1@gmail.com', 'Houston', 'Texas', 'United States', '770011', '00189767898', 'dummy@gmail.com', 0.00, NULL, NULL, 'New', 'COD', 'COD', 3040.00, '', '', '2021-08-04 16:28:09', '2021-08-04 16:28:09'),
(43, 4, 'Jennifer', 'jennifergwaltney1@gmail.com', 'Houston', 'Texas', 'United States', '770011', '00189767898', 'dummy@gmail.com', 0.00, NULL, NULL, 'New', 'COD', 'COD', 3040.00, '', '', '2021-08-04 16:28:25', '2021-08-04 16:28:25'),
(44, 4, 'Jennifer', 'jennifergwaltney1@gmail.com', 'Houston', 'Texas', 'United States', '770011', '00189767898', 'dummy@gmail.com', 0.00, '720034', 247.00, 'New', 'COD', 'COD', 4693.00, '', '', '2021-08-04 16:29:51', '2021-08-04 16:29:51'),
(45, 4, 'Jennifer', 'jennifergwaltney1@gmail.com', 'Houston', 'Texas', 'United States', '770011', '00189767898', 'dummy@gmail.com', 0.00, '720034', 247.00, 'Pending', 'COD', 'COD', 4693.00, '', '', '2021-08-04 16:46:57', '2021-08-04 19:50:16'),
(46, 4, 'Jennifer', 'jennifergwaltney1@gmail.com', 'Houston', 'Texas', 'United States', '770011', '00189767898', 'dummy@gmail.com', 0.00, '720034', 247.00, 'New', 'COD', 'COD', 9833.00, '', '', '2021-08-04 21:41:25', '2021-08-04 21:41:25'),
(47, 4, 'Awais', 'Muhammadi Town Sohan Islamabad', 'Islamabad', 'Capital Territory Islamabad', 'Pakistan', '46000', '00923045097558', 'dummy@gmail.com', 0.00, 'CO-3445', 420.00, 'New', 'COD', 'COD', 1260.00, '', '', '2021-08-05 21:34:48', '2021-08-05 21:34:48'),
(48, 4, 'Awais', 'Muhammadi Town Sohan Islamabad', 'Islamabad', 'Capital Territory Islamabad', 'Pakistan', '46000', '00923045097558', 'dummy@gmail.com', 0.00, 'CO-3445', 420.00, 'New', 'COD', 'COD', 1260.00, '', '', '2021-08-05 21:36:37', '2021-08-05 21:36:37'),
(49, 4, 'Jennifer', 'jennifergwaltney1@gmail.com', 'Houston', 'Texas', 'United States', '770011', '00189767898', 'dummy@gmail.com', 0.00, 'CO-3445', 420.00, 'New', 'COD', 'COD', 1005.00, '', '', '2021-08-05 21:38:27', '2021-08-05 21:38:27'),
(50, 4, 'Awais', 'Muhammadi Town Sohan Islamabad', 'islambad', 'Islambad', 'Pakistan', '460000', '03045097559', 'dummy@gmail.com', 0.00, 'CO-4444', 100.00, 'New', 'COD', 'COD', 1325.00, '', '', '2021-08-05 21:45:13', '2021-08-05 21:45:13'),
(51, 5, 'Developer', 'Street#55, Houston Texas United Stattes', 'Houston', 'Texas', 'United States', '770000', '00123457654', 'developer@gmail.com', 0.00, 'CO-4444', 100.00, 'New', 'COD', 'COD', 3900.00, '', '', '2021-08-05 21:51:44', '2021-08-05 21:51:44'),
(52, 4, 'Awais', 'Muhammadi Town Sohan Islamabad', 'islambad', 'Islambad', 'Pakistan', '460000', '03045097559', 'dummy@gmail.com', 0.00, 'St3334', 617.50, 'New', 'COD', 'COD', 667.50, '', '', '2021-08-07 04:10:52', '2021-08-07 04:10:52'),
(53, 4, 'Awais', 'Muhammadi Town Sohan Islamabad', 'islambad', 'Islambad', 'Pakistan', '460000', '03045097559', 'dummy@gmail.com', 0.00, '720034', 152.00, 'New', 'COD', 'COD', 2938.00, '', '', '2021-08-07 04:23:48', '2021-08-07 04:23:48'),
(54, 4, 'Awais', 'Muhammadi Town Sohan Islamabad', 'islambad', 'Islambad', 'Pakistan', '460000', '03045097559', 'dummy@gmail.com', 0.00, '720034', 152.00, 'New', 'COD', 'COD', 4898.00, '', '', '2021-08-07 04:26:56', '2021-08-07 04:26:56'),
(55, 4, 'Awais', 'Muhammadi Town Sohan Islamabad', 'islambad', 'Islambad', 'Pakistan', '460000', '03045097559', 'dummy@gmail.com', 0.00, NULL, NULL, 'New', 'COD', 'COD', 1100.00, '', '', '2021-08-07 04:38:09', '2021-08-07 04:38:09'),
(56, 4, 'Awais', 'Muhammadi Town Sohan Islamabad', 'islambad', 'Islambad', 'Pakistan', '460000', '03045097559', 'dummy@gmail.com', 50.00, NULL, NULL, 'New', 'COD', 'COD', 690.00, '', '', '2021-08-07 04:48:38', '2021-08-07 04:48:38'),
(57, 4, 'Awais', 'Muhammadi Town Sohan Islamabad', 'islambad', 'Islambad', 'Pakistan', '460000', '03045097559', 'dummy@gmail.com', 50.00, '720034', 61.75, 'Shipped', 'COD', 'COD', 1223.25, 'Leopard', '45678', '2021-08-07 04:51:43', '2021-08-07 04:52:28'),
(58, 4, 'Awais', 'Muhammadi Town Sohan Islamabad', 'islambad', 'Islambad', 'Pakistan', '460000', '03045097559', 'dummy@gmail.com', 200.00, 'CO-3445', 2100.00, 'New', 'COD', 'COD', 6500.00, '', '', '2021-08-07 08:59:33', '2021-08-07 08:59:33'),
(59, 4, 'Awais', 'Muhammadi Town Sohan Islamabad', 'islambad', 'Islambad', 'Pakistan', '460000', '03045097559', 'dummy@gmail.com', 300.00, 'CO-3445', 350.00, 'New', 'COD', 'COD', 5055.00, '', '', '2021-08-07 09:32:35', '2021-08-07 09:32:35'),
(60, 4, 'Jennifer', 'jennifergwaltney1@gmail.com', 'Houston', 'Texas', 'United States', '770011', '00189767898', 'dummy@gmail.com', 200.00, '720034', 152.00, 'New', 'Prepaid', 'paypal', 3088.00, '', '', '2021-08-09 15:35:06', '2021-08-09 15:35:06'),
(61, 4, 'Jennifer gwal', 'jennifergwaltney1@gmail.com', 'Houston', 'Texas', 'United States', '770011', '00189767898', 'dummy@gmail.com', 200.00, '720034', 61.75, 'New', 'Prepaid', 'paypal', 1373.25, '', '', '2021-08-09 15:47:42', '2021-08-09 15:47:42'),
(62, 4, 'Awais', 'Muhammadi Town Sohan Islamabad', 'islambad', 'Islambad', 'Pakistan', '460000', '03045097559', 'dummy@gmail.com', 100.00, NULL, NULL, 'New', 'Prepaid', 'paypal', 1375.00, '', '', '2021-08-09 15:51:05', '2021-08-09 15:51:05'),
(63, 4, 'Jennifer gwal', 'jennifergwaltney1@gmail.com', 'Houston', 'Texas', 'United States', '770011', '00189767898', 'dummy@gmail.com', 600.00, NULL, NULL, 'New', 'Prepaid', 'paypal', 10600.00, '', '', '2021-08-09 15:56:23', '2021-08-09 15:56:23'),
(64, 4, 'Jennifer gwal', 'jennifergwaltney1@gmail.com', 'Houston', 'Texas', 'United States', '770011', '00189767898', 'dummy@gmail.com', 400.00, '720034', 157.50, 'New', 'Prepaid', 'paypal', 3392.50, '', '', '2021-08-09 16:09:02', '2021-08-09 16:09:02'),
(65, 4, 'Jennifer gwal', 'jennifergwaltney1@gmail.com', 'Houston', 'Texas', 'United States', '770011', '00189767898', 'dummy@gmail.com', 200.00, NULL, NULL, 'New', 'COD', 'COD', 1435.00, '', '', '2021-08-09 17:02:49', '2021-08-09 17:02:49'),
(66, 4, 'Jennifer gwal', 'jennifergwaltney1@gmail.com', 'Houston', 'Texas', 'United States', '770011', '00189767898', 'dummy@gmail.com', 200.00, NULL, NULL, 'New', 'Prepaid', 'paypal', 760.00, '', '', '2021-08-09 17:03:39', '2021-08-09 17:03:39'),
(67, 4, 'Jennifer gwal', 'jennifergwaltney1@gmail.com', 'Houston', 'Texas', 'United States', '770011', '00189767898', 'dummy@gmail.com', 200.00, NULL, NULL, 'New', 'Prepaid', 'paypal', 1625.00, '', '', '2021-08-09 17:15:01', '2021-08-09 17:15:01'),
(68, 4, 'Jennifer gwal', 'jennifergwaltney1@gmail.com', 'Houston', 'Texas', 'United States', '770011', '00189767898', 'dummy@gmail.com', 400.00, '720034', 96.00, 'New', 'Prepaid', 'paypal', 2224.00, '', '', '2021-08-09 18:41:24', '2021-08-09 18:41:24'),
(69, 4, 'Jennifer gwal', 'jennifergwaltney1@gmail.com', 'Houston', 'Texas', 'United States', '770011', '00189767898', 'dummy@gmail.com', 200.00, '720034', 47.50, 'New', 'Prepaid', 'paypal', 1102.50, '', '', '2021-08-09 18:44:19', '2021-08-09 18:44:19'),
(73, 5, 'Developer', 'Street#55, Houston Texas United Stattes', 'Houston', 'Texas', 'United States', '770000', '00123457654', 'developer@gmail.com', 600.00, NULL, NULL, 'New', 'COD', 'COD', 11715.00, '', '', '2021-08-09 20:24:49', '2021-08-09 20:24:49'),
(74, 5, 'Developer', 'Street#55, Houston Texas United Stattes', 'Houston', 'Texas', 'United States', '770000', '00123457654', 'developer@gmail.com', 400.00, NULL, NULL, 'New', 'COD', 'COD', 4485.00, '', '', '2021-08-09 20:46:36', '2021-08-09 20:46:36'),
(75, 4, 'Awais', 'Muhammadi Town Sohan Islamabad', 'islambad', 'Islambad', 'Pakistan', '46000', '03045097559', 'dummy@gmail.com', 200.00, NULL, NULL, 'New', 'COD', 'COD', 3310.00, '', '', '2021-08-15 19:07:21', '2021-08-15 19:07:21'),
(76, 4, 'test', 'test city test state of test country', 'testing', 'testi state', 'Azerbaijan', '50550', '99999999999', 'dummy@gmail.com', 0.00, NULL, NULL, 'New', 'COD', 'COD', 1200.00, '', '', '2021-08-15 20:13:09', '2021-08-15 20:13:09'),
(77, 4, 'test', 'test city test state of test country', 'testing', 'testi state', 'Azerbaijan', '50550', '99999999999', 'dummy@gmail.com', 0.00, NULL, NULL, 'New', 'COD', 'COD', 2400.00, '', '', '2021-08-15 20:38:15', '2021-08-15 20:38:15'),
(78, 4, 'Awais', 'Muhammadi Town Sohan Islamabad', 'islambad', 'Islambad', 'Pakistan', '46000', '03045097559', 'dummy@gmail.com', 300.00, NULL, NULL, 'New', 'COD', 'COD', 6950.00, '', '', '2021-08-17 04:21:18', '2021-08-17 04:21:18');

-- --------------------------------------------------------

--
-- Table structure for table `orders_logs`
--

CREATE TABLE `orders_logs` (
  `id` bigint(20) UNSIGNED NOT NULL,
  `order_id` int(11) NOT NULL,
  `order_status` varchar(255) COLLATE utf8mb4_unicode_ci NOT NULL,
  `created_at` timestamp NULL DEFAULT NULL,
  `updated_at` timestamp NULL DEFAULT NULL
) ENGINE=InnoDB DEFAULT CHARSET=utf8mb4 COLLATE=utf8mb4_unicode_ci;

--
-- Dumping data for table `orders_logs`
--

INSERT INTO `orders_logs` (`id`, `order_id`, `order_status`, `created_at`, `updated_at`) VALUES
(1, 11, 'Hold', '2021-08-04 20:14:34', '2021-08-04 20:14:34'),
(2, 1, 'In Process', '2021-08-04 20:26:53', '2021-08-04 20:26:53'),
(3, 1, 'Paid', '2021-08-04 20:41:36', '2021-08-04 20:41:36'),
(4, 1, 'Shipped', '2021-08-04 21:38:56', '2021-08-04 21:38:56'),
(5, 3, 'Shipped', '2021-08-05 02:48:31', '2021-08-05 02:48:31'),
(6, 5, 'Pending', '2021-08-05 03:02:47', '2021-08-05 03:02:47'),
(7, 5, 'Shipped', '2021-08-05 03:03:25', '2021-08-05 03:03:25'),
(8, 57, 'Shipped', '2021-08-07 04:52:39', '2021-08-07 04:52:39');

-- --------------------------------------------------------

--
-- Table structure for table `orders_products`
--

CREATE TABLE `orders_products` (
  `id` bigint(20) UNSIGNED NOT NULL,
  `order_id` int(11) NOT NULL,
  `user_id` int(11) NOT NULL,
  `product_id` int(11) NOT NULL,
  `product_code` varchar(255) COLLATE utf8mb4_unicode_ci NOT NULL,
  `product_name` varchar(255) COLLATE utf8mb4_unicode_ci NOT NULL,
  `product_color` varchar(255) COLLATE utf8mb4_unicode_ci NOT NULL,
  `product_size` varchar(255) COLLATE utf8mb4_unicode_ci NOT NULL,
  `product_price` double(8,2) NOT NULL,
  `product_qty` int(11) NOT NULL,
  `created_at` timestamp NULL DEFAULT NULL,
  `updated_at` timestamp NULL DEFAULT NULL
) ENGINE=InnoDB DEFAULT CHARSET=utf8mb4 COLLATE=utf8mb4_unicode_ci;

--
-- Dumping data for table `orders_products`
--

INSERT INTO `orders_products` (`id`, `order_id`, `user_id`, `product_id`, `product_code`, `product_name`, `product_color`, `product_size`, `product_price`, `product_qty`, `created_at`, `updated_at`) VALUES
(1, 1, 4, 1, 'Bl-01', 'Black Casual T-shirt', 'black', 'M', 1235.00, 2, '2021-08-03 11:01:44', '2021-08-03 11:01:44'),
(2, 2, 4, 6, 'WH-02', 'White T-shirt', 'white', 'S', 700.00, 3, '2021-08-03 11:05:38', '2021-08-03 11:05:38'),
(3, 3, 4, 5, 'PK-1-02', 'Pakistani Girls dress', 'silver', 'M', 4000.00, 1, '2021-08-03 11:07:20', '2021-08-03 11:07:20'),
(5, 5, 4, 7, 'Wh-011', 'White T-shirt Printed', 'white', 'L', 3325.00, 2, '2021-08-03 12:09:48', '2021-08-03 12:09:48'),
(6, 6, 4, 5, 'PK-1-02', 'Pakistani Girls dress', 'silver', 'L', 5000.00, 1, '2021-08-03 12:21:49', '2021-08-03 12:21:49'),
(7, 7, 4, 8, 'Gr-01', 'Grey T-shirt', 'grey', 'L', 1275.00, 1, '2021-08-03 17:21:12', '2021-08-03 17:21:12'),
(8, 7, 4, 1, 'Bl-01', 'Black Casual T-shirt', 'black', 'M', 1235.00, 1, '2021-08-03 17:21:12', '2021-08-03 17:21:12'),
(9, 8, 4, 8, 'Gr-01', 'Grey T-shirt', 'grey', 'S', 1700.00, 3, '2021-08-04 05:22:37', '2021-08-04 05:22:37'),
(10, 8, 4, 5, 'PK-1-02', 'Pakistani Girls dress', 'silver', 'L', 5000.00, 1, '2021-08-04 05:22:37', '2021-08-04 05:22:37'),
(11, 18, 4, 1, 'Bl-01', 'Black Casual T-shirt', 'black', 'S', 950.00, 1, '2021-08-04 05:45:55', '2021-08-04 05:45:55'),
(12, 20, 4, 7, 'Wh-011', 'White T-shirt Printed', 'white', 'L', 3325.00, 1, '2021-08-04 05:47:49', '2021-08-04 05:47:49'),
(13, 22, 4, 7, 'Wh-011', 'White T-shirt Printed', 'white', 'M', 3040.00, 1, '2021-08-04 16:10:29', '2021-08-04 16:10:29'),
(14, 44, 4, 1, 'Bl-01', 'Black Casual T-shirt', 'black', 'M', 1235.00, 4, '2021-08-04 16:29:51', '2021-08-04 16:29:51'),
(15, 46, 4, 7, 'Wh-011', 'White T-shirt Printed', 'white', 'M', 3040.00, 2, '2021-08-04 21:41:25', '2021-08-04 21:41:25'),
(16, 46, 4, 5, 'PK-1-02', 'Pakistani Girls dress', 'silver', 'M', 4000.00, 1, '2021-08-04 21:41:25', '2021-08-04 21:41:25'),
(17, 47, 4, 6, 'WH-02', 'White T-shirt', 'white', 'M', 840.00, 2, '2021-08-05 21:34:48', '2021-08-05 21:34:48'),
(18, 49, 4, 1, 'Bl-01', 'Black Casual T-shirt', 'black', 'L', 1425.00, 1, '2021-08-05 21:38:27', '2021-08-05 21:38:27'),
(19, 50, 4, 1, 'Bl-01', 'Black Casual T-shirt', 'black', 'L', 1425.00, 1, '2021-08-05 21:45:13', '2021-08-05 21:45:13'),
(20, 51, 5, 5, 'PK-1-02', 'Pakistani Girls dress', 'silver', 'M', 4000.00, 1, '2021-08-05 21:51:44', '2021-08-05 21:51:44'),
(21, 52, 4, 1, 'Bl-01', 'Black Casual T-shirt', 'black', 'M', 1235.00, 1, '2021-08-07 04:10:52', '2021-08-07 04:10:52'),
(22, 53, 4, 7, 'Wh-011', 'White T-shirt Printed', 'white', 'M', 3040.00, 1, '2021-08-07 04:23:48', '2021-08-07 04:23:48'),
(23, 54, 4, 5, 'PK-1-02', 'Pakistani Girls dress', 'silver', 'L', 5000.00, 1, '2021-08-07 04:26:56', '2021-08-07 04:26:56'),
(24, 55, 4, 6, 'WH-02', 'White T-shirt', 'white', 'L', 1050.00, 1, '2021-08-07 04:38:09', '2021-08-07 04:38:09'),
(25, 56, 4, 3, 'Bl-01', 'Black Casual T-shirts', 'Black', 'L', 640.00, 1, '2021-08-07 04:48:38', '2021-08-07 04:48:38'),
(26, 57, 4, 1, 'Bl-01', 'Black Casual T-shirt', 'black', 'M', 1235.00, 1, '2021-08-07 04:51:43', '2021-08-07 04:51:43'),
(27, 58, 4, 8, 'Gr-01', 'Grey T-shirt', 'grey', 'S', 1700.00, 2, '2021-08-07 08:59:33', '2021-08-07 08:59:33'),
(28, 58, 4, 5, 'PK-1-02', 'Pakistani Girls dress', 'silver', 'L', 5000.00, 1, '2021-08-07 08:59:33', '2021-08-07 08:59:33'),
(29, 59, 4, 6, 'WH-02', 'White T-shirt', 'white', 'S', 700.00, 2, '2021-08-07 09:32:35', '2021-08-07 09:32:35'),
(30, 59, 4, 1, 'Bl-01', 'Black Casual T-shirt', 'black', 'M', 1235.00, 3, '2021-08-07 09:32:35', '2021-08-07 09:32:35'),
(31, 60, 4, 7, 'Wh-011', 'White T-shirt Printed', 'white', 'M', 3040.00, 1, '2021-08-09 15:35:06', '2021-08-09 15:35:06'),
(32, 61, 4, 1, 'Bl-01', 'Black Casual T-shirt', 'black', 'M', 1235.00, 1, '2021-08-09 15:47:42', '2021-08-09 15:47:42'),
(33, 62, 4, 8, 'Gr-01', 'Grey T-shirt', 'grey', 'L', 1275.00, 1, '2021-08-09 15:51:05', '2021-08-09 15:51:05'),
(34, 63, 4, 5, 'PK-1-02', 'Pakistani Girls dress', 'silver', 'L', 5000.00, 2, '2021-08-09 15:56:23', '2021-08-09 15:56:23'),
(35, 64, 4, 6, 'WH-02', 'White T-shirt', 'white', 'L', 1050.00, 3, '2021-08-09 16:09:02', '2021-08-09 16:09:02'),
(36, 65, 4, 1, 'Bl-01', 'Black Casual T-shirt', 'black', 'M', 1235.00, 1, '2021-08-09 17:02:49', '2021-08-09 17:02:49'),
(37, 66, 4, 3, 'Bl-01', 'Black Casual T-shirts', 'Black', 'M', 560.00, 1, '2021-08-09 17:03:39', '2021-08-09 17:03:39'),
(38, 67, 4, 1, 'Bl-01', 'Black Casual T-shirt', 'black', 'L', 1425.00, 1, '2021-08-09 17:15:01', '2021-08-09 17:15:01'),
(39, 68, 4, 3, 'Bl-01', 'Black Casual T-shirts', 'Black', 'L', 640.00, 3, '2021-08-09 18:41:24', '2021-08-09 18:41:24'),
(40, 69, 4, 1, 'Bl-01', 'Black Casual T-shirt', 'black', 'S', 950.00, 1, '2021-08-09 18:44:19', '2021-08-09 18:44:19'),
(44, 73, 5, 1, 'Bl-01', 'Black Casual T-shirt', 'black', 'M', 1235.00, 9, '2021-08-09 20:24:49', '2021-08-09 20:24:49'),
(45, 74, 5, 1, 'Bl-01', 'Black Casual T-shirt', 'black', 'L', 1425.00, 2, '2021-08-09 20:46:36', '2021-08-09 20:46:36'),
(46, 74, 5, 1, 'Bl-01', 'Black Casual T-shirt', 'black', 'M', 1235.00, 1, '2021-08-09 20:46:36', '2021-08-09 20:46:36'),
(47, 75, 4, 1, 'Bl-01', 'Black Casual T-shirt', 'black', 'M', 1235.00, 2, '2021-08-15 19:07:21', '2021-08-15 19:07:21'),
(48, 75, 4, 3, 'Bl-01', 'Black Casual T-shirts', 'Black', 'L', 640.00, 1, '2021-08-15 19:07:21', '2021-08-15 19:07:21'),
(49, 76, 4, 2, 'Bl-02', 'Grey Casual T-shirt', 'grey', 'M', 1200.00, 1, '2021-08-15 20:13:09', '2021-08-15 20:13:09'),
(50, 77, 4, 2, 'Bl-02', 'Grey Casual T-shirt', 'grey', 'M', 1200.00, 2, '2021-08-15 20:38:15', '2021-08-15 20:38:15'),
(51, 78, 4, 15, 'GPSP-4', 'Girls  P-WIRE dress white light pinkish', 'fuchsia', 'S', 3325.00, 2, '2021-08-17 04:21:18', '2021-08-17 04:21:18');

-- --------------------------------------------------------

--
-- Table structure for table `order_statuses`
--

CREATE TABLE `order_statuses` (
  `id` bigint(20) UNSIGNED NOT NULL,
  `name` varchar(255) COLLATE utf8mb4_unicode_ci NOT NULL,
  `status` tinyint(4) NOT NULL,
  `created_at` timestamp NULL DEFAULT NULL,
  `updated_at` timestamp NULL DEFAULT NULL
) ENGINE=InnoDB DEFAULT CHARSET=utf8mb4 COLLATE=utf8mb4_unicode_ci;

--
-- Dumping data for table `order_statuses`
--

INSERT INTO `order_statuses` (`id`, `name`, `status`, `created_at`, `updated_at`) VALUES
(1, 'New', 1, NULL, NULL),
(2, 'Pending', 1, NULL, NULL),
(3, 'Hold', 1, NULL, NULL),
(4, 'Cancelled', 1, NULL, NULL),
(5, 'In Process', 1, NULL, NULL),
(6, 'Paid', 1, NULL, NULL),
(7, 'Shipped', 1, NULL, NULL),
(8, 'Delievered', 1, NULL, NULL);

-- --------------------------------------------------------

--
-- Table structure for table `password_resets`
--

CREATE TABLE `password_resets` (
  `email` varchar(255) COLLATE utf8mb4_unicode_ci NOT NULL,
  `token` varchar(255) COLLATE utf8mb4_unicode_ci NOT NULL,
  `created_at` timestamp NULL DEFAULT NULL
) ENGINE=InnoDB DEFAULT CHARSET=utf8mb4 COLLATE=utf8mb4_unicode_ci;

-- --------------------------------------------------------

--
-- Table structure for table `prepaid_pincodes`
--

CREATE TABLE `prepaid_pincodes` (
  `id` int(11) NOT NULL,
  `pincodes` varchar(10) NOT NULL,
  `created_at` datetime NOT NULL,
  `updated_at` timestamp NOT NULL DEFAULT current_timestamp() ON UPDATE current_timestamp()
) ENGINE=InnoDB DEFAULT CHARSET=utf8mb4;

--
-- Dumping data for table `prepaid_pincodes`
--

INSERT INTO `prepaid_pincodes` (`id`, `pincodes`, `created_at`, `updated_at`) VALUES
(1, '44000', '0000-00-00 00:00:00', '2021-08-10 12:26:37'),
(2, '46000', '0000-00-00 00:00:00', '2021-08-10 12:26:49'),
(3, '10020', '0000-00-00 00:00:00', '0000-00-00 00:00:00'),
(4, '10021', '0000-00-00 00:00:00', '0000-00-00 00:00:00'),
(5, '10021', '0000-00-00 00:00:00', '0000-00-00 00:00:00'),
(6, '10021', '0000-00-00 00:00:00', '0000-00-00 00:00:00'),
(7, '10021', '0000-00-00 00:00:00', '0000-00-00 00:00:00'),
(8, '10021', '0000-00-00 00:00:00', '0000-00-00 00:00:00'),
(9, '10030', '0000-00-00 00:00:00', '0000-00-00 00:00:00'),
(10, '10031', '0000-00-00 00:00:00', '0000-00-00 00:00:00'),
(11, '10031', '0000-00-00 00:00:00', '0000-00-00 00:00:00'),
(12, '10031', '0000-00-00 00:00:00', '0000-00-00 00:00:00'),
(13, '10031', '0000-00-00 00:00:00', '0000-00-00 00:00:00'),
(14, '10031', '0000-00-00 00:00:00', '0000-00-00 00:00:00'),
(15, '10031', '0000-00-00 00:00:00', '0000-00-00 00:00:00'),
(16, '10034', '0000-00-00 00:00:00', '0000-00-00 00:00:00'),
(17, '10040', '0000-00-00 00:00:00', '0000-00-00 00:00:00'),
(18, '10041', '0000-00-00 00:00:00', '0000-00-00 00:00:00'),
(19, '10041', '0000-00-00 00:00:00', '0000-00-00 00:00:00'),
(20, '10041', '0000-00-00 00:00:00', '0000-00-00 00:00:00'),
(21, '10041', '0000-00-00 00:00:00', '0000-00-00 00:00:00'),
(22, '10041', '0000-00-00 00:00:00', '0000-00-00 00:00:00'),
(23, '10050', '0000-00-00 00:00:00', '0000-00-00 00:00:00'),
(24, '10051', '0000-00-00 00:00:00', '0000-00-00 00:00:00'),
(25, '10060', '0000-00-00 00:00:00', '0000-00-00 00:00:00'),
(26, '10061', '0000-00-00 00:00:00', '0000-00-00 00:00:00'),
(27, '10061', '0000-00-00 00:00:00', '0000-00-00 00:00:00'),
(28, '10070', '0000-00-00 00:00:00', '0000-00-00 00:00:00'),
(29, '10080', '0000-00-00 00:00:00', '0000-00-00 00:00:00'),
(30, '10081', '0000-00-00 00:00:00', '0000-00-00 00:00:00'),
(31, '10081', '0000-00-00 00:00:00', '0000-00-00 00:00:00'),
(32, '10081', '0000-00-00 00:00:00', '0000-00-00 00:00:00'),
(33, '10100', '0000-00-00 00:00:00', '0000-00-00 00:00:00'),
(34, '10101', '0000-00-00 00:00:00', '0000-00-00 00:00:00'),
(35, '10101', '0000-00-00 00:00:00', '0000-00-00 00:00:00'),
(36, '10101', '0000-00-00 00:00:00', '0000-00-00 00:00:00'),
(37, '10200', '0000-00-00 00:00:00', '0000-00-00 00:00:00'),
(38, '10230', '0000-00-00 00:00:00', '0000-00-00 00:00:00'),
(39, '10250', '0000-00-00 00:00:00', '0000-00-00 00:00:00'),
(40, '10250', '0000-00-00 00:00:00', '0000-00-00 00:00:00'),
(41, '10250', '0000-00-00 00:00:00', '0000-00-00 00:00:00'),
(42, '10251', '0000-00-00 00:00:00', '0000-00-00 00:00:00'),
(43, '10251', '0000-00-00 00:00:00', '0000-00-00 00:00:00'),
(44, '10251', '0000-00-00 00:00:00', '0000-00-00 00:00:00'),
(45, '10251', '0000-00-00 00:00:00', '0000-00-00 00:00:00'),
(46, '10300', '0000-00-00 00:00:00', '0000-00-00 00:00:00'),
(47, '10301', '0000-00-00 00:00:00', '0000-00-00 00:00:00'),
(48, '10301', '0000-00-00 00:00:00', '0000-00-00 00:00:00'),
(49, '10310', '0000-00-00 00:00:00', '0000-00-00 00:00:00'),
(50, '10311', '0000-00-00 00:00:00', '0000-00-00 00:00:00'),
(51, '10311', '0000-00-00 00:00:00', '0000-00-00 00:00:00'),
(52, '10320', '0000-00-00 00:00:00', '0000-00-00 00:00:00'),
(53, '10321', '0000-00-00 00:00:00', '0000-00-00 00:00:00'),
(54, '10350', '0000-00-00 00:00:00', '0000-00-00 00:00:00'),
(55, '10360', '0000-00-00 00:00:00', '0000-00-00 00:00:00'),
(56, '10361', '0000-00-00 00:00:00', '0000-00-00 00:00:00'),
(57, '10361', '0000-00-00 00:00:00', '0000-00-00 00:00:00'),
(58, '10370', '0000-00-00 00:00:00', '0000-00-00 00:00:00'),
(59, '10380', '0000-00-00 00:00:00', '0000-00-00 00:00:00'),
(60, '10381', '0000-00-00 00:00:00', '0000-00-00 00:00:00'),
(61, '10381', '0000-00-00 00:00:00', '0000-00-00 00:00:00'),
(62, '10381', '0000-00-00 00:00:00', '0000-00-00 00:00:00'),
(63, '10381', '0000-00-00 00:00:00', '0000-00-00 00:00:00'),
(64, '10381', '0000-00-00 00:00:00', '0000-00-00 00:00:00'),
(65, '10381', '0000-00-00 00:00:00', '0000-00-00 00:00:00'),
(66, '10381', '0000-00-00 00:00:00', '0000-00-00 00:00:00'),
(67, '10400', '0000-00-00 00:00:00', '0000-00-00 00:00:00'),
(68, '10401', '0000-00-00 00:00:00', '0000-00-00 00:00:00'),
(69, '10401', '0000-00-00 00:00:00', '0000-00-00 00:00:00'),
(70, '10401', '0000-00-00 00:00:00', '0000-00-00 00:00:00'),
(71, '10401', '0000-00-00 00:00:00', '0000-00-00 00:00:00'),
(72, '10450', '0000-00-00 00:00:00', '0000-00-00 00:00:00'),
(73, '10451', '0000-00-00 00:00:00', '0000-00-00 00:00:00'),
(74, '10460', '0000-00-00 00:00:00', '0000-00-00 00:00:00'),
(75, '10470', '0000-00-00 00:00:00', '0000-00-00 00:00:00'),
(76, '10471', '0000-00-00 00:00:00', '0000-00-00 00:00:00'),
(77, '10471', '0000-00-00 00:00:00', '0000-00-00 00:00:00'),
(78, '10480', '0000-00-00 00:00:00', '0000-00-00 00:00:00'),
(79, '10481', '0000-00-00 00:00:00', '0000-00-00 00:00:00'),
(80, '10481', '0000-00-00 00:00:00', '0000-00-00 00:00:00'),
(81, '10490', '0000-00-00 00:00:00', '0000-00-00 00:00:00'),
(82, '10491', '0000-00-00 00:00:00', '0000-00-00 00:00:00'),
(83, '10500', '0000-00-00 00:00:00', '0000-00-00 00:00:00'),
(84, '10501', '0000-00-00 00:00:00', '0000-00-00 00:00:00'),
(85, '10501', '0000-00-00 00:00:00', '0000-00-00 00:00:00'),
(86, '10501', '0000-00-00 00:00:00', '0000-00-00 00:00:00'),
(87, '10520', '0000-00-00 00:00:00', '0000-00-00 00:00:00'),
(88, '10521', '0000-00-00 00:00:00', '0000-00-00 00:00:00'),
(89, '10521', '0000-00-00 00:00:00', '0000-00-00 00:00:00'),
(90, '10521', '0000-00-00 00:00:00', '0000-00-00 00:00:00'),
(91, '10521', '0000-00-00 00:00:00', '0000-00-00 00:00:00'),
(92, '10521', '0000-00-00 00:00:00', '0000-00-00 00:00:00'),
(93, '10521', '0000-00-00 00:00:00', '0000-00-00 00:00:00'),
(94, '10530', '0000-00-00 00:00:00', '0000-00-00 00:00:00'),
(95, '10531', '0000-00-00 00:00:00', '0000-00-00 00:00:00'),
(96, '10531', '0000-00-00 00:00:00', '0000-00-00 00:00:00'),
(97, '10531', '0000-00-00 00:00:00', '0000-00-00 00:00:00'),
(98, '10531', '0000-00-00 00:00:00', '0000-00-00 00:00:00'),
(99, '10531', '0000-00-00 00:00:00', '0000-00-00 00:00:00'),
(100, '10531', '0000-00-00 00:00:00', '0000-00-00 00:00:00'),
(101, '10531', '0000-00-00 00:00:00', '0000-00-00 00:00:00'),
(102, '10531', '0000-00-00 00:00:00', '0000-00-00 00:00:00'),
(103, '10540', '0000-00-00 00:00:00', '0000-00-00 00:00:00'),
(104, '10541', '0000-00-00 00:00:00', '0000-00-00 00:00:00'),
(105, '10541', '0000-00-00 00:00:00', '0000-00-00 00:00:00'),
(106, '10544', '0000-00-00 00:00:00', '0000-00-00 00:00:00'),
(107, '10545', '0000-00-00 00:00:00', '0000-00-00 00:00:00'),
(108, '10545', '0000-00-00 00:00:00', '0000-00-00 00:00:00'),
(109, '10550', '0000-00-00 00:00:00', '0000-00-00 00:00:00'),
(110, '10551', '0000-00-00 00:00:00', '0000-00-00 00:00:00'),
(111, '10551', '0000-00-00 00:00:00', '0000-00-00 00:00:00'),
(112, '11010', '0000-00-00 00:00:00', '0000-00-00 00:00:00'),
(113, '11011', '0000-00-00 00:00:00', '0000-00-00 00:00:00'),
(114, '11011', '0000-00-00 00:00:00', '0000-00-00 00:00:00'),
(115, '11011', '0000-00-00 00:00:00', '0000-00-00 00:00:00'),
(116, '11011', '0000-00-00 00:00:00', '0000-00-00 00:00:00'),
(117, '11014', '0000-00-00 00:00:00', '0000-00-00 00:00:00'),
(118, '11015', '0000-00-00 00:00:00', '0000-00-00 00:00:00'),
(119, '11015', '0000-00-00 00:00:00', '0000-00-00 00:00:00'),
(120, '11015', '0000-00-00 00:00:00', '0000-00-00 00:00:00'),
(121, '11015', '0000-00-00 00:00:00', '0000-00-00 00:00:00'),
(122, '11015', '0000-00-00 00:00:00', '0000-00-00 00:00:00'),
(123, '11015', '0000-00-00 00:00:00', '0000-00-00 00:00:00'),
(124, '11020', '0000-00-00 00:00:00', '0000-00-00 00:00:00'),
(125, '11030', '0000-00-00 00:00:00', '0000-00-00 00:00:00'),
(126, '11031', '0000-00-00 00:00:00', '0000-00-00 00:00:00'),
(127, '11031', '0000-00-00 00:00:00', '0000-00-00 00:00:00'),
(128, '11031', '0000-00-00 00:00:00', '0000-00-00 00:00:00'),
(129, '11040', '0000-00-00 00:00:00', '0000-00-00 00:00:00'),
(130, '11041', '0000-00-00 00:00:00', '0000-00-00 00:00:00'),
(131, '11100', '0000-00-00 00:00:00', '0000-00-00 00:00:00'),
(132, '11101', '0000-00-00 00:00:00', '0000-00-00 00:00:00'),
(133, '11101', '0000-00-00 00:00:00', '0000-00-00 00:00:00'),
(134, '11101', '0000-00-00 00:00:00', '0000-00-00 00:00:00'),
(135, '11101', '0000-00-00 00:00:00', '0000-00-00 00:00:00'),
(136, '11101', '0000-00-00 00:00:00', '0000-00-00 00:00:00'),
(137, '11101', '0000-00-00 00:00:00', '0000-00-00 00:00:00'),
(138, '11101', '0000-00-00 00:00:00', '0000-00-00 00:00:00'),
(139, '11101', '0000-00-00 00:00:00', '0000-00-00 00:00:00'),
(140, '11101', '0000-00-00 00:00:00', '0000-00-00 00:00:00'),
(141, '11110', '0000-00-00 00:00:00', '0000-00-00 00:00:00'),
(142, '11111', '0000-00-00 00:00:00', '0000-00-00 00:00:00'),
(143, '11120', '0000-00-00 00:00:00', '0000-00-00 00:00:00'),
(144, '11121', '0000-00-00 00:00:00', '0000-00-00 00:00:00'),
(145, '11121', '0000-00-00 00:00:00', '0000-00-00 00:00:00'),
(146, '11121', '0000-00-00 00:00:00', '0000-00-00 00:00:00'),
(147, '11150', '0000-00-00 00:00:00', '0000-00-00 00:00:00'),
(148, '11160', '0000-00-00 00:00:00', '0000-00-00 00:00:00'),
(149, '11161', '0000-00-00 00:00:00', '0000-00-00 00:00:00'),
(150, '11161', '0000-00-00 00:00:00', '0000-00-00 00:00:00'),
(151, '11161', '0000-00-00 00:00:00', '0000-00-00 00:00:00'),
(152, '11161', '0000-00-00 00:00:00', '0000-00-00 00:00:00'),
(153, '11170', '0000-00-00 00:00:00', '0000-00-00 00:00:00'),
(154, '11171', '0000-00-00 00:00:00', '0000-00-00 00:00:00'),
(155, '11171', '0000-00-00 00:00:00', '0000-00-00 00:00:00'),
(156, '11171', '0000-00-00 00:00:00', '0000-00-00 00:00:00'),
(157, '11171', '0000-00-00 00:00:00', '0000-00-00 00:00:00'),
(158, '11190', '0000-00-00 00:00:00', '0000-00-00 00:00:00'),
(159, '11200', '0000-00-00 00:00:00', '0000-00-00 00:00:00'),
(160, '11201', '0000-00-00 00:00:00', '0000-00-00 00:00:00'),
(161, '11201', '0000-00-00 00:00:00', '0000-00-00 00:00:00'),
(162, '11201', '0000-00-00 00:00:00', '0000-00-00 00:00:00'),
(163, '11201', '0000-00-00 00:00:00', '0000-00-00 00:00:00'),
(164, '11201', '0000-00-00 00:00:00', '0000-00-00 00:00:00'),
(165, '11201', '0000-00-00 00:00:00', '0000-00-00 00:00:00'),
(166, '11210', '0000-00-00 00:00:00', '0000-00-00 00:00:00'),
(167, '11211', '0000-00-00 00:00:00', '0000-00-00 00:00:00'),
(168, '11211', '0000-00-00 00:00:00', '0000-00-00 00:00:00'),
(169, '11211', '0000-00-00 00:00:00', '0000-00-00 00:00:00'),
(170, '11211', '0000-00-00 00:00:00', '0000-00-00 00:00:00'),
(171, '11220', '0000-00-00 00:00:00', '0000-00-00 00:00:00'),
(172, '11221', '0000-00-00 00:00:00', '0000-00-00 00:00:00'),
(173, '11250', '0000-00-00 00:00:00', '0000-00-00 00:00:00'),
(174, '11251', '0000-00-00 00:00:00', '0000-00-00 00:00:00'),
(175, '11260', '0000-00-00 00:00:00', '0000-00-00 00:00:00'),
(176, '12000', '0000-00-00 00:00:00', '0000-00-00 00:00:00'),
(177, '12001', '0000-00-00 00:00:00', '0000-00-00 00:00:00'),
(178, '12001', '0000-00-00 00:00:00', '0000-00-00 00:00:00'),
(179, '12010', '0000-00-00 00:00:00', '0000-00-00 00:00:00'),
(180, '12010', '0000-00-00 00:00:00', '0000-00-00 00:00:00'),
(181, '12011', '0000-00-00 00:00:00', '0000-00-00 00:00:00'),
(182, '12011', '0000-00-00 00:00:00', '0000-00-00 00:00:00'),
(183, '12011', '0000-00-00 00:00:00', '0000-00-00 00:00:00'),
(184, '12011', '0000-00-00 00:00:00', '0000-00-00 00:00:00'),
(185, '12011', '0000-00-00 00:00:00', '0000-00-00 00:00:00'),
(186, '12011', '0000-00-00 00:00:00', '0000-00-00 00:00:00'),
(187, '12011', '0000-00-00 00:00:00', '0000-00-00 00:00:00'),
(188, '12011', '0000-00-00 00:00:00', '0000-00-00 00:00:00'),
(189, '12011', '0000-00-00 00:00:00', '0000-00-00 00:00:00'),
(190, '12011', '0000-00-00 00:00:00', '0000-00-00 00:00:00'),
(191, '12011', '0000-00-00 00:00:00', '0000-00-00 00:00:00'),
(192, '12011', '0000-00-00 00:00:00', '0000-00-00 00:00:00'),
(193, '12030', '0000-00-00 00:00:00', '0000-00-00 00:00:00'),
(194, '12070', '0000-00-00 00:00:00', '0000-00-00 00:00:00'),
(195, '12071', '0000-00-00 00:00:00', '0000-00-00 00:00:00'),
(196, '12071', '0000-00-00 00:00:00', '0000-00-00 00:00:00'),
(197, '12071', '0000-00-00 00:00:00', '0000-00-00 00:00:00'),
(198, '12071', '0000-00-00 00:00:00', '0000-00-00 00:00:00'),
(199, '12080', '0000-00-00 00:00:00', '0000-00-00 00:00:00'),
(200, '12081', '0000-00-00 00:00:00', '0000-00-00 00:00:00'),
(201, '12081', '0000-00-00 00:00:00', '0000-00-00 00:00:00'),
(202, '12081', '0000-00-00 00:00:00', '0000-00-00 00:00:00'),
(203, '12081', '0000-00-00 00:00:00', '0000-00-00 00:00:00'),
(204, '12081', '0000-00-00 00:00:00', '0000-00-00 00:00:00'),
(205, '12081', '0000-00-00 00:00:00', '0000-00-00 00:00:00'),
(206, '12081', '0000-00-00 00:00:00', '0000-00-00 00:00:00'),
(207, '12081', '0000-00-00 00:00:00', '0000-00-00 00:00:00'),
(208, '12081', '0000-00-00 00:00:00', '0000-00-00 00:00:00'),
(209, '12090', '0000-00-00 00:00:00', '0000-00-00 00:00:00'),
(210, '12100', '0000-00-00 00:00:00', '0000-00-00 00:00:00'),
(211, '12110', '0000-00-00 00:00:00', '0000-00-00 00:00:00'),
(212, '12120', '0000-00-00 00:00:00', '0000-00-00 00:00:00'),
(213, '12121', '0000-00-00 00:00:00', '0000-00-00 00:00:00'),
(214, '12121', '0000-00-00 00:00:00', '0000-00-00 00:00:00'),
(215, '12130', '0000-00-00 00:00:00', '0000-00-00 00:00:00'),
(216, '12150', '0000-00-00 00:00:00', '0000-00-00 00:00:00'),
(217, '12151', '0000-00-00 00:00:00', '0000-00-00 00:00:00'),
(218, '12151', '0000-00-00 00:00:00', '0000-00-00 00:00:00'),
(219, '12151', '0000-00-00 00:00:00', '0000-00-00 00:00:00'),
(220, '12160', '0000-00-00 00:00:00', '0000-00-00 00:00:00'),
(221, '12161', '0000-00-00 00:00:00', '0000-00-00 00:00:00'),
(222, '12161', '0000-00-00 00:00:00', '0000-00-00 00:00:00'),
(223, '12161', '0000-00-00 00:00:00', '0000-00-00 00:00:00'),
(224, '12161', '0000-00-00 00:00:00', '0000-00-00 00:00:00'),
(225, '12161', '0000-00-00 00:00:00', '0000-00-00 00:00:00'),
(226, '12161', '0000-00-00 00:00:00', '0000-00-00 00:00:00'),
(227, '12161', '0000-00-00 00:00:00', '0000-00-00 00:00:00'),
(228, '12161', '0000-00-00 00:00:00', '0000-00-00 00:00:00'),
(229, '12161', '0000-00-00 00:00:00', '0000-00-00 00:00:00'),
(230, '12170', '0000-00-00 00:00:00', '0000-00-00 00:00:00'),
(231, '12171', '0000-00-00 00:00:00', '0000-00-00 00:00:00'),
(232, '12171', '0000-00-00 00:00:00', '0000-00-00 00:00:00'),
(233, '12171', '0000-00-00 00:00:00', '0000-00-00 00:00:00'),
(234, '12171', '0000-00-00 00:00:00', '0000-00-00 00:00:00'),
(235, '12174', '0000-00-00 00:00:00', '0000-00-00 00:00:00'),
(236, '12175', '0000-00-00 00:00:00', '0000-00-00 00:00:00'),
(237, '12180', '0000-00-00 00:00:00', '0000-00-00 00:00:00'),
(238, '12181', '0000-00-00 00:00:00', '0000-00-00 00:00:00'),
(239, '12181', '0000-00-00 00:00:00', '0000-00-00 00:00:00'),
(240, '12184', '0000-00-00 00:00:00', '0000-00-00 00:00:00'),
(241, '12200', '0000-00-00 00:00:00', '0000-00-00 00:00:00'),
(242, '12201', '0000-00-00 00:00:00', '0000-00-00 00:00:00'),
(243, '12201', '0000-00-00 00:00:00', '0000-00-00 00:00:00'),
(244, '12201', '0000-00-00 00:00:00', '0000-00-00 00:00:00'),
(245, '12201', '0000-00-00 00:00:00', '0000-00-00 00:00:00'),
(246, '12210', '0000-00-00 00:00:00', '0000-00-00 00:00:00'),
(247, '12211', '0000-00-00 00:00:00', '0000-00-00 00:00:00'),
(248, '12211', '0000-00-00 00:00:00', '0000-00-00 00:00:00'),
(249, '12211', '0000-00-00 00:00:00', '0000-00-00 00:00:00'),
(250, '12211', '0000-00-00 00:00:00', '0000-00-00 00:00:00'),
(251, '12211', '0000-00-00 00:00:00', '0000-00-00 00:00:00'),
(252, '12211', '0000-00-00 00:00:00', '0000-00-00 00:00:00'),
(253, '12211', '0000-00-00 00:00:00', '0000-00-00 00:00:00'),
(254, '12211', '0000-00-00 00:00:00', '0000-00-00 00:00:00'),
(255, '12211', '0000-00-00 00:00:00', '0000-00-00 00:00:00'),
(256, '12211', '0000-00-00 00:00:00', '0000-00-00 00:00:00'),
(257, '12250', '0000-00-00 00:00:00', '0000-00-00 00:00:00'),
(258, '12251', '0000-00-00 00:00:00', '0000-00-00 00:00:00'),
(259, '12251', '0000-00-00 00:00:00', '0000-00-00 00:00:00'),
(260, '12251', '0000-00-00 00:00:00', '0000-00-00 00:00:00'),
(261, '12251', '0000-00-00 00:00:00', '0000-00-00 00:00:00'),
(262, '12260', '0000-00-00 00:00:00', '0000-00-00 00:00:00'),
(263, '12260', '0000-00-00 00:00:00', '0000-00-00 00:00:00'),
(264, '12261', '0000-00-00 00:00:00', '0000-00-00 00:00:00'),
(265, '12261', '0000-00-00 00:00:00', '0000-00-00 00:00:00'),
(266, '12300', '0000-00-00 00:00:00', '0000-00-00 00:00:00'),
(267, '12301', '0000-00-00 00:00:00', '0000-00-00 00:00:00'),
(268, '12301', '0000-00-00 00:00:00', '0000-00-00 00:00:00'),
(269, '12301', '0000-00-00 00:00:00', '0000-00-00 00:00:00'),
(270, '12301', '0000-00-00 00:00:00', '0000-00-00 00:00:00'),
(271, '12310', '0000-00-00 00:00:00', '0000-00-00 00:00:00'),
(272, '12311', '0000-00-00 00:00:00', '0000-00-00 00:00:00'),
(273, '12311', '0000-00-00 00:00:00', '0000-00-00 00:00:00'),
(274, '12311', '0000-00-00 00:00:00', '0000-00-00 00:00:00'),
(275, '12311', '0000-00-00 00:00:00', '0000-00-00 00:00:00'),
(276, '12311', '0000-00-00 00:00:00', '0000-00-00 00:00:00'),
(277, '12320', '0000-00-00 00:00:00', '0000-00-00 00:00:00'),
(278, '12330', '0000-00-00 00:00:00', '0000-00-00 00:00:00'),
(279, '12331', '0000-00-00 00:00:00', '0000-00-00 00:00:00'),
(280, '12350', '0000-00-00 00:00:00', '0000-00-00 00:00:00'),
(281, '12351', '0000-00-00 00:00:00', '0000-00-00 00:00:00'),
(282, '12351', '0000-00-00 00:00:00', '0000-00-00 00:00:00'),
(283, '12351', '0000-00-00 00:00:00', '0000-00-00 00:00:00'),
(284, '12351', '0000-00-00 00:00:00', '0000-00-00 00:00:00'),
(285, '12351', '0000-00-00 00:00:00', '0000-00-00 00:00:00'),
(286, '12351', '0000-00-00 00:00:00', '0000-00-00 00:00:00'),
(287, '12351', '0000-00-00 00:00:00', '0000-00-00 00:00:00'),
(288, '12351', '0000-00-00 00:00:00', '0000-00-00 00:00:00'),
(289, '12351', '0000-00-00 00:00:00', '0000-00-00 00:00:00'),
(290, '12351', '0000-00-00 00:00:00', '0000-00-00 00:00:00'),
(291, '12380', '0000-00-00 00:00:00', '0000-00-00 00:00:00'),
(292, '12400', '0000-00-00 00:00:00', '0000-00-00 00:00:00'),
(293, '12410', '0000-00-00 00:00:00', '0000-00-00 00:00:00'),
(294, '12411', '0000-00-00 00:00:00', '0000-00-00 00:00:00'),
(295, '12420', '0000-00-00 00:00:00', '0000-00-00 00:00:00'),
(296, '12421', '0000-00-00 00:00:00', '0000-00-00 00:00:00'),
(297, '12421', '0000-00-00 00:00:00', '0000-00-00 00:00:00'),
(298, '12421', '0000-00-00 00:00:00', '0000-00-00 00:00:00'),
(299, '12421', '0000-00-00 00:00:00', '0000-00-00 00:00:00'),
(300, '12421', '0000-00-00 00:00:00', '0000-00-00 00:00:00'),
(301, '12421', '0000-00-00 00:00:00', '0000-00-00 00:00:00'),
(302, '12421', '0000-00-00 00:00:00', '0000-00-00 00:00:00'),
(303, '12430', '0000-00-00 00:00:00', '0000-00-00 00:00:00'),
(304, '12440', '0000-00-00 00:00:00', '0000-00-00 00:00:00'),
(305, '12441', '0000-00-00 00:00:00', '0000-00-00 00:00:00'),
(306, '12441', '0000-00-00 00:00:00', '0000-00-00 00:00:00'),
(307, '12460', '0000-00-00 00:00:00', '0000-00-00 00:00:00'),
(308, '12470', '0000-00-00 00:00:00', '0000-00-00 00:00:00'),
(309, '12480', '0000-00-00 00:00:00', '0000-00-00 00:00:00'),
(310, '12500', '0000-00-00 00:00:00', '0000-00-00 00:00:00'),
(311, '12501', '0000-00-00 00:00:00', '0000-00-00 00:00:00'),
(312, '12501', '0000-00-00 00:00:00', '0000-00-00 00:00:00'),
(313, '12501', '0000-00-00 00:00:00', '0000-00-00 00:00:00'),
(314, '12501', '0000-00-00 00:00:00', '0000-00-00 00:00:00'),
(315, '12501', '0000-00-00 00:00:00', '0000-00-00 00:00:00'),
(316, '12501', '0000-00-00 00:00:00', '0000-00-00 00:00:00'),
(317, '12501', '0000-00-00 00:00:00', '0000-00-00 00:00:00'),
(318, '12501', '0000-00-00 00:00:00', '0000-00-00 00:00:00'),
(319, '12501', '0000-00-00 00:00:00', '0000-00-00 00:00:00'),
(320, '12501', '0000-00-00 00:00:00', '0000-00-00 00:00:00'),
(321, '12501', '0000-00-00 00:00:00', '0000-00-00 00:00:00'),
(322, '12501', '0000-00-00 00:00:00', '0000-00-00 00:00:00'),
(323, '12502', '0000-00-00 00:00:00', '0000-00-00 00:00:00'),
(324, '12503', '0000-00-00 00:00:00', '0000-00-00 00:00:00'),
(325, '12503', '0000-00-00 00:00:00', '0000-00-00 00:00:00'),
(326, '12503', '0000-00-00 00:00:00', '0000-00-00 00:00:00'),
(327, '12510', '0000-00-00 00:00:00', '0000-00-00 00:00:00'),
(328, '12520', '0000-00-00 00:00:00', '0000-00-00 00:00:00'),
(329, '12550', '0000-00-00 00:00:00', '0000-00-00 00:00:00'),
(330, '12560', '0000-00-00 00:00:00', '0000-00-00 00:00:00'),
(331, '12570', '0000-00-00 00:00:00', '0000-00-00 00:00:00'),
(332, '12571', '0000-00-00 00:00:00', '0000-00-00 00:00:00'),
(333, '12600', '0000-00-00 00:00:00', '0000-00-00 00:00:00'),
(334, '12601', '0000-00-00 00:00:00', '0000-00-00 00:00:00'),
(335, '12601', '0000-00-00 00:00:00', '0000-00-00 00:00:00'),
(336, '12601', '0000-00-00 00:00:00', '0000-00-00 00:00:00'),
(337, '12601', '0000-00-00 00:00:00', '0000-00-00 00:00:00'),
(338, '12601', '0000-00-00 00:00:00', '0000-00-00 00:00:00'),
(339, '12601', '0000-00-00 00:00:00', '0000-00-00 00:00:00'),
(340, '12601', '0000-00-00 00:00:00', '0000-00-00 00:00:00'),
(341, '12601', '0000-00-00 00:00:00', '0000-00-00 00:00:00'),
(342, '12610', '0000-00-00 00:00:00', '0000-00-00 00:00:00'),
(343, '12620', '0000-00-00 00:00:00', '0000-00-00 00:00:00'),
(344, '12621', '0000-00-00 00:00:00', '0000-00-00 00:00:00'),
(345, '12621', '0000-00-00 00:00:00', '0000-00-00 00:00:00'),
(346, '12621', '0000-00-00 00:00:00', '0000-00-00 00:00:00'),
(347, '12621', '0000-00-00 00:00:00', '0000-00-00 00:00:00'),
(348, '12630', '0000-00-00 00:00:00', '0000-00-00 00:00:00'),
(349, '12631', '0000-00-00 00:00:00', '0000-00-00 00:00:00'),
(350, '12639', '0000-00-00 00:00:00', '0000-00-00 00:00:00'),
(351, '12639', '0000-00-00 00:00:00', '0000-00-00 00:00:00'),
(352, '13000', '0000-00-00 00:00:00', '0000-00-00 00:00:00'),
(353, '13001', '0000-00-00 00:00:00', '0000-00-00 00:00:00'),
(354, '13020', '0000-00-00 00:00:00', '0000-00-00 00:00:00'),
(355, '13021', '0000-00-00 00:00:00', '0000-00-00 00:00:00'),
(356, '13021', '0000-00-00 00:00:00', '0000-00-00 00:00:00'),
(357, '13100', '0000-00-00 00:00:00', '0000-00-00 00:00:00'),
(358, '13101', '0000-00-00 00:00:00', '0000-00-00 00:00:00'),
(359, '13101', '0000-00-00 00:00:00', '0000-00-00 00:00:00'),
(360, '13101', '0000-00-00 00:00:00', '0000-00-00 00:00:00'),
(361, '13101', '0000-00-00 00:00:00', '0000-00-00 00:00:00'),
(362, '13101', '0000-00-00 00:00:00', '0000-00-00 00:00:00'),
(363, '13101', '0000-00-00 00:00:00', '0000-00-00 00:00:00'),
(364, '13101', '0000-00-00 00:00:00', '0000-00-00 00:00:00'),
(365, '13101', '0000-00-00 00:00:00', '0000-00-00 00:00:00'),
(366, '13101', '0000-00-00 00:00:00', '0000-00-00 00:00:00'),
(367, '13101', '0000-00-00 00:00:00', '0000-00-00 00:00:00'),
(368, '13101', '0000-00-00 00:00:00', '0000-00-00 00:00:00'),
(369, '13101', '0000-00-00 00:00:00', '0000-00-00 00:00:00'),
(370, '13101', '0000-00-00 00:00:00', '0000-00-00 00:00:00'),
(371, '13101', '0000-00-00 00:00:00', '0000-00-00 00:00:00'),
(372, '13101', '0000-00-00 00:00:00', '0000-00-00 00:00:00'),
(373, '13101', '0000-00-00 00:00:00', '0000-00-00 00:00:00'),
(374, '13101', '0000-00-00 00:00:00', '0000-00-00 00:00:00'),
(375, '13101', '0000-00-00 00:00:00', '0000-00-00 00:00:00'),
(376, '13101', '0000-00-00 00:00:00', '0000-00-00 00:00:00'),
(377, '13150', '0000-00-00 00:00:00', '0000-00-00 00:00:00'),
(378, '13151', '0000-00-00 00:00:00', '0000-00-00 00:00:00'),
(379, '13151', '0000-00-00 00:00:00', '0000-00-00 00:00:00'),
(380, '13151', '0000-00-00 00:00:00', '0000-00-00 00:00:00'),
(381, '13151', '0000-00-00 00:00:00', '0000-00-00 00:00:00'),
(382, '13151', '0000-00-00 00:00:00', '0000-00-00 00:00:00'),
(383, '13151', '0000-00-00 00:00:00', '0000-00-00 00:00:00'),
(384, '13151', '0000-00-00 00:00:00', '0000-00-00 00:00:00'),
(385, '13161', '0000-00-00 00:00:00', '0000-00-00 00:00:00'),
(386, '13170', '0000-00-00 00:00:00', '0000-00-00 00:00:00'),
(387, '13171', '0000-00-00 00:00:00', '0000-00-00 00:00:00'),
(388, '13171', '0000-00-00 00:00:00', '0000-00-00 00:00:00'),
(389, '13171', '0000-00-00 00:00:00', '0000-00-00 00:00:00'),
(390, '13171', '0000-00-00 00:00:00', '0000-00-00 00:00:00'),
(391, '13171', '0000-00-00 00:00:00', '0000-00-00 00:00:00'),
(392, '13171', '0000-00-00 00:00:00', '0000-00-00 00:00:00'),
(393, '13171', '0000-00-00 00:00:00', '0000-00-00 00:00:00'),
(394, '13171', '0000-00-00 00:00:00', '0000-00-00 00:00:00'),
(395, '13180', '0000-00-00 00:00:00', '0000-00-00 00:00:00'),
(396, '13181', '0000-00-00 00:00:00', '0000-00-00 00:00:00'),
(397, '13181', '0000-00-00 00:00:00', '0000-00-00 00:00:00'),
(398, '13181', '0000-00-00 00:00:00', '0000-00-00 00:00:00'),
(399, '13190', '0000-00-00 00:00:00', '0000-00-00 00:00:00'),
(400, '13191', '0000-00-00 00:00:00', '0000-00-00 00:00:00'),
(401, '13191', '0000-00-00 00:00:00', '0000-00-00 00:00:00'),
(402, '13200', '0000-00-00 00:00:00', '0000-00-00 00:00:00'),
(403, '13201', '0000-00-00 00:00:00', '0000-00-00 00:00:00'),
(404, '13201', '0000-00-00 00:00:00', '0000-00-00 00:00:00'),
(405, '13201', '0000-00-00 00:00:00', '0000-00-00 00:00:00'),
(406, '13201', '0000-00-00 00:00:00', '0000-00-00 00:00:00'),
(407, '13210', '0000-00-00 00:00:00', '0000-00-00 00:00:00'),
(408, '13211', '0000-00-00 00:00:00', '0000-00-00 00:00:00'),
(409, '13211', '0000-00-00 00:00:00', '0000-00-00 00:00:00'),
(410, '13211', '0000-00-00 00:00:00', '0000-00-00 00:00:00'),
(411, '13211', '0000-00-00 00:00:00', '0000-00-00 00:00:00'),
(412, '13211', '0000-00-00 00:00:00', '0000-00-00 00:00:00'),
(413, '13220', '0000-00-00 00:00:00', '0000-00-00 00:00:00'),
(414, '13221', '0000-00-00 00:00:00', '0000-00-00 00:00:00'),
(415, '13221', '0000-00-00 00:00:00', '0000-00-00 00:00:00'),
(416, '13230', '0000-00-00 00:00:00', '0000-00-00 00:00:00'),
(417, '13231', '0000-00-00 00:00:00', '0000-00-00 00:00:00'),
(418, '13231', '0000-00-00 00:00:00', '0000-00-00 00:00:00'),
(419, '13231', '0000-00-00 00:00:00', '0000-00-00 00:00:00'),
(420, '13231', '0000-00-00 00:00:00', '0000-00-00 00:00:00'),
(421, '13231', '0000-00-00 00:00:00', '0000-00-00 00:00:00'),
(422, '13231', '0000-00-00 00:00:00', '0000-00-00 00:00:00'),
(423, '13231', '0000-00-00 00:00:00', '0000-00-00 00:00:00'),
(424, '13231', '0000-00-00 00:00:00', '0000-00-00 00:00:00'),
(425, '13231', '0000-00-00 00:00:00', '0000-00-00 00:00:00'),
(426, '13231', '0000-00-00 00:00:00', '0000-00-00 00:00:00'),
(427, '13231', '0000-00-00 00:00:00', '0000-00-00 00:00:00'),
(428, '14100', '0000-00-00 00:00:00', '0000-00-00 00:00:00'),
(429, '14101', '0000-00-00 00:00:00', '0000-00-00 00:00:00'),
(430, '14101', '0000-00-00 00:00:00', '0000-00-00 00:00:00'),
(431, '14101', '0000-00-00 00:00:00', '0000-00-00 00:00:00'),
(432, '14101', '0000-00-00 00:00:00', '0000-00-00 00:00:00'),
(433, '14101', '0000-00-00 00:00:00', '0000-00-00 00:00:00'),
(434, '14200', '0000-00-00 00:00:00', '0000-00-00 00:00:00'),
(435, '14201', '0000-00-00 00:00:00', '0000-00-00 00:00:00'),
(436, '14201', '0000-00-00 00:00:00', '0000-00-00 00:00:00'),
(437, '14201', '0000-00-00 00:00:00', '0000-00-00 00:00:00'),
(438, '14300', '0000-00-00 00:00:00', '0000-00-00 00:00:00'),
(439, '14301', '0000-00-00 00:00:00', '0000-00-00 00:00:00'),
(440, '14301', '0000-00-00 00:00:00', '0000-00-00 00:00:00'),
(441, '14301', '0000-00-00 00:00:00', '0000-00-00 00:00:00'),
(442, '14301', '0000-00-00 00:00:00', '0000-00-00 00:00:00'),
(443, '14301', '0000-00-00 00:00:00', '0000-00-00 00:00:00'),
(444, '14301', '0000-00-00 00:00:00', '0000-00-00 00:00:00'),
(445, '14301', '0000-00-00 00:00:00', '0000-00-00 00:00:00'),
(446, '14301', '0000-00-00 00:00:00', '0000-00-00 00:00:00'),
(447, '14301', '0000-00-00 00:00:00', '0000-00-00 00:00:00'),
(448, '14301', '0000-00-00 00:00:00', '0000-00-00 00:00:00'),
(449, '14301', '0000-00-00 00:00:00', '0000-00-00 00:00:00'),
(450, '14301', '0000-00-00 00:00:00', '0000-00-00 00:00:00'),
(451, '14400', '0000-00-00 00:00:00', '0000-00-00 00:00:00'),
(452, '15100', '0000-00-00 00:00:00', '0000-00-00 00:00:00'),
(453, '15101', '0000-00-00 00:00:00', '0000-00-00 00:00:00'),
(454, '15101', '0000-00-00 00:00:00', '0000-00-00 00:00:00'),
(455, '15101', '0000-00-00 00:00:00', '0000-00-00 00:00:00'),
(456, '15101', '0000-00-00 00:00:00', '0000-00-00 00:00:00'),
(457, '15101', '0000-00-00 00:00:00', '0000-00-00 00:00:00'),
(458, '15101', '0000-00-00 00:00:00', '0000-00-00 00:00:00'),
(459, '15101', '0000-00-00 00:00:00', '0000-00-00 00:00:00'),
(460, '15101', '0000-00-00 00:00:00', '0000-00-00 00:00:00'),
(461, '15101', '0000-00-00 00:00:00', '0000-00-00 00:00:00'),
(462, '15101', '0000-00-00 00:00:00', '0000-00-00 00:00:00'),
(463, '15101', '0000-00-00 00:00:00', '0000-00-00 00:00:00'),
(464, '15101', '0000-00-00 00:00:00', '0000-00-00 00:00:00'),
(465, '15101', '0000-00-00 00:00:00', '0000-00-00 00:00:00'),
(466, '15150', '0000-00-00 00:00:00', '0000-00-00 00:00:00'),
(467, '15200', '0000-00-00 00:00:00', '0000-00-00 00:00:00'),
(468, '15201', '0000-00-00 00:00:00', '0000-00-00 00:00:00'),
(469, '15201', '0000-00-00 00:00:00', '0000-00-00 00:00:00'),
(470, '15201', '0000-00-00 00:00:00', '0000-00-00 00:00:00'),
(471, '15201', '0000-00-00 00:00:00', '0000-00-00 00:00:00'),
(472, '15201', '0000-00-00 00:00:00', '0000-00-00 00:00:00'),
(473, '15300', '0000-00-00 00:00:00', '0000-00-00 00:00:00'),
(474, '15301', '0000-00-00 00:00:00', '0000-00-00 00:00:00'),
(475, '15301', '0000-00-00 00:00:00', '0000-00-00 00:00:00'),
(476, '15301', '0000-00-00 00:00:00', '0000-00-00 00:00:00'),
(477, '15301', '0000-00-00 00:00:00', '0000-00-00 00:00:00'),
(478, '15301', '0000-00-00 00:00:00', '0000-00-00 00:00:00'),
(479, '15301', '0000-00-00 00:00:00', '0000-00-00 00:00:00'),
(480, '15301', '0000-00-00 00:00:00', '0000-00-00 00:00:00'),
(481, '15301', '0000-00-00 00:00:00', '0000-00-00 00:00:00'),
(482, '15301', '0000-00-00 00:00:00', '0000-00-00 00:00:00'),
(483, '15350', '0000-00-00 00:00:00', '0000-00-00 00:00:00'),
(484, '15400', '0000-00-00 00:00:00', '0000-00-00 00:00:00'),
(485, '15401', '0000-00-00 00:00:00', '0000-00-00 00:00:00'),
(486, '15401', '0000-00-00 00:00:00', '0000-00-00 00:00:00'),
(487, '15401', '0000-00-00 00:00:00', '0000-00-00 00:00:00'),
(488, '15401', '0000-00-00 00:00:00', '0000-00-00 00:00:00'),
(489, '15401', '0000-00-00 00:00:00', '0000-00-00 00:00:00'),
(490, '15500', '0000-00-00 00:00:00', '0000-00-00 00:00:00'),
(491, '15501', '0000-00-00 00:00:00', '0000-00-00 00:00:00'),
(492, '15501', '0000-00-00 00:00:00', '0000-00-00 00:00:00'),
(493, '15550', '0000-00-00 00:00:00', '0000-00-00 00:00:00'),
(494, '15600', '0000-00-00 00:00:00', '0000-00-00 00:00:00'),
(495, '15601', '0000-00-00 00:00:00', '0000-00-00 00:00:00'),
(496, '15601', '0000-00-00 00:00:00', '0000-00-00 00:00:00'),
(497, '15601', '0000-00-00 00:00:00', '0000-00-00 00:00:00'),
(498, '15601', '0000-00-00 00:00:00', '0000-00-00 00:00:00'),
(499, '15650', '0000-00-00 00:00:00', '0000-00-00 00:00:00'),
(500, '15651', '0000-00-00 00:00:00', '0000-00-00 00:00:00'),
(501, '15700', '0000-00-00 00:00:00', '0000-00-00 00:00:00'),
(502, '15701', '0000-00-00 00:00:00', '0000-00-00 00:00:00'),
(503, '15701', '0000-00-00 00:00:00', '0000-00-00 00:00:00'),
(504, '15701', '0000-00-00 00:00:00', '0000-00-00 00:00:00'),
(505, '15800', '0000-00-00 00:00:00', '0000-00-00 00:00:00'),
(506, '15801', '0000-00-00 00:00:00', '0000-00-00 00:00:00'),
(507, '15900', '0000-00-00 00:00:00', '0000-00-00 00:00:00'),
(508, '16100', '0000-00-00 00:00:00', '0000-00-00 00:00:00'),
(509, '16101', '0000-00-00 00:00:00', '0000-00-00 00:00:00'),
(510, '16101', '0000-00-00 00:00:00', '0000-00-00 00:00:00'),
(511, '16101', '0000-00-00 00:00:00', '0000-00-00 00:00:00'),
(512, '16101', '0000-00-00 00:00:00', '0000-00-00 00:00:00'),
(513, '16101', '0000-00-00 00:00:00', '0000-00-00 00:00:00'),
(514, '16101', '0000-00-00 00:00:00', '0000-00-00 00:00:00'),
(515, '16101', '0000-00-00 00:00:00', '0000-00-00 00:00:00'),
(516, '16200', '0000-00-00 00:00:00', '0000-00-00 00:00:00'),
(517, '16201', '0000-00-00 00:00:00', '0000-00-00 00:00:00'),
(518, '16201', '0000-00-00 00:00:00', '0000-00-00 00:00:00'),
(519, '16201', '0000-00-00 00:00:00', '0000-00-00 00:00:00'),
(520, '16201', '0000-00-00 00:00:00', '0000-00-00 00:00:00'),
(521, '16201', '0000-00-00 00:00:00', '0000-00-00 00:00:00'),
(522, '16201', '0000-00-00 00:00:00', '0000-00-00 00:00:00'),
(523, '16201', '0000-00-00 00:00:00', '0000-00-00 00:00:00'),
(524, '16300', '0000-00-00 00:00:00', '0000-00-00 00:00:00'),
(525, '16301', '0000-00-00 00:00:00', '0000-00-00 00:00:00'),
(526, '16301', '0000-00-00 00:00:00', '0000-00-00 00:00:00'),
(527, '16301', '0000-00-00 00:00:00', '0000-00-00 00:00:00'),
(528, '16301', '0000-00-00 00:00:00', '0000-00-00 00:00:00'),
(529, '16301', '0000-00-00 00:00:00', '0000-00-00 00:00:00'),
(530, '16301', '0000-00-00 00:00:00', '0000-00-00 00:00:00'),
(531, '16301', '0000-00-00 00:00:00', '0000-00-00 00:00:00'),
(532, '16301', '0000-00-00 00:00:00', '0000-00-00 00:00:00'),
(533, '16400', '0000-00-00 00:00:00', '0000-00-00 00:00:00'),
(534, '16401', '0000-00-00 00:00:00', '0000-00-00 00:00:00'),
(535, '16401', '0000-00-00 00:00:00', '0000-00-00 00:00:00'),
(536, '16401', '0000-00-00 00:00:00', '0000-00-00 00:00:00'),
(537, '16401', '0000-00-00 00:00:00', '0000-00-00 00:00:00'),
(538, '16401', '0000-00-00 00:00:00', '0000-00-00 00:00:00'),
(539, '16401', '0000-00-00 00:00:00', '0000-00-00 00:00:00'),
(540, '16401', '0000-00-00 00:00:00', '0000-00-00 00:00:00'),
(541, '16401', '0000-00-00 00:00:00', '0000-00-00 00:00:00'),
(542, '16450', '0000-00-00 00:00:00', '0000-00-00 00:00:00'),
(543, '16500', '0000-00-00 00:00:00', '0000-00-00 00:00:00'),
(544, '16501', '0000-00-00 00:00:00', '0000-00-00 00:00:00'),
(545, '16501', '0000-00-00 00:00:00', '0000-00-00 00:00:00'),
(546, '16501', '0000-00-00 00:00:00', '0000-00-00 00:00:00'),
(547, '16600', '0000-00-00 00:00:00', '0000-00-00 00:00:00'),
(548, '16601', '0000-00-00 00:00:00', '0000-00-00 00:00:00'),
(549, '16700', '0000-00-00 00:00:00', '0000-00-00 00:00:00'),
(550, '16701', '0000-00-00 00:00:00', '0000-00-00 00:00:00'),
(551, '16701', '0000-00-00 00:00:00', '0000-00-00 00:00:00'),
(552, '16701', '0000-00-00 00:00:00', '0000-00-00 00:00:00'),
(553, '16701', '0000-00-00 00:00:00', '0000-00-00 00:00:00'),
(554, '16701', '0000-00-00 00:00:00', '0000-00-00 00:00:00'),
(555, '16800', '0000-00-00 00:00:00', '0000-00-00 00:00:00'),
(556, '16801', '0000-00-00 00:00:00', '0000-00-00 00:00:00'),
(557, '16801', '0000-00-00 00:00:00', '0000-00-00 00:00:00'),
(558, '16801', '0000-00-00 00:00:00', '0000-00-00 00:00:00'),
(559, '16801', '0000-00-00 00:00:00', '0000-00-00 00:00:00'),
(560, '16801', '0000-00-00 00:00:00', '0000-00-00 00:00:00'),
(561, '16801', '0000-00-00 00:00:00', '0000-00-00 00:00:00'),
(562, '16801', '0000-00-00 00:00:00', '0000-00-00 00:00:00'),
(563, '16801', '0000-00-00 00:00:00', '0000-00-00 00:00:00'),
(564, '16801', '0000-00-00 00:00:00', '0000-00-00 00:00:00'),
(565, '16900', '0000-00-00 00:00:00', '0000-00-00 00:00:00'),
(566, '16901', '0000-00-00 00:00:00', '0000-00-00 00:00:00'),
(567, '16901', '0000-00-00 00:00:00', '0000-00-00 00:00:00'),
(568, '17010', '0000-00-00 00:00:00', '0000-00-00 00:00:00'),
(569, '17011', '0000-00-00 00:00:00', '0000-00-00 00:00:00'),
(570, '17011', '0000-00-00 00:00:00', '0000-00-00 00:00:00'),
(571, '17011', '0000-00-00 00:00:00', '0000-00-00 00:00:00'),
(572, '17011', '0000-00-00 00:00:00', '0000-00-00 00:00:00'),
(573, '17011', '0000-00-00 00:00:00', '0000-00-00 00:00:00'),
(574, '17011', '0000-00-00 00:00:00', '0000-00-00 00:00:00'),
(575, '17011', '0000-00-00 00:00:00', '0000-00-00 00:00:00'),
(576, '17011', '0000-00-00 00:00:00', '0000-00-00 00:00:00'),
(577, '17011', '0000-00-00 00:00:00', '0000-00-00 00:00:00'),
(578, '17011', '0000-00-00 00:00:00', '0000-00-00 00:00:00'),
(579, '17011', '0000-00-00 00:00:00', '0000-00-00 00:00:00'),
(580, '17020', '0000-00-00 00:00:00', '0000-00-00 00:00:00'),
(581, '17021', '0000-00-00 00:00:00', '0000-00-00 00:00:00'),
(582, '17021', '0000-00-00 00:00:00', '0000-00-00 00:00:00'),
(583, '17021', '0000-00-00 00:00:00', '0000-00-00 00:00:00'),
(584, '17021', '0000-00-00 00:00:00', '0000-00-00 00:00:00'),
(585, '17021', '0000-00-00 00:00:00', '0000-00-00 00:00:00'),
(586, '17021', '0000-00-00 00:00:00', '0000-00-00 00:00:00'),
(587, '17021', '0000-00-00 00:00:00', '0000-00-00 00:00:00'),
(588, '17030', '0000-00-00 00:00:00', '0000-00-00 00:00:00'),
(589, '17031', '0000-00-00 00:00:00', '0000-00-00 00:00:00'),
(590, '17031', '0000-00-00 00:00:00', '0000-00-00 00:00:00'),
(591, '17050', '0000-00-00 00:00:00', '0000-00-00 00:00:00'),
(592, '17051', '0000-00-00 00:00:00', '0000-00-00 00:00:00'),
(593, '17051', '0000-00-00 00:00:00', '0000-00-00 00:00:00'),
(594, '17051', '0000-00-00 00:00:00', '0000-00-00 00:00:00'),
(595, '17051', '0000-00-00 00:00:00', '0000-00-00 00:00:00'),
(596, '17051', '0000-00-00 00:00:00', '0000-00-00 00:00:00'),
(597, '17051', '0000-00-00 00:00:00', '0000-00-00 00:00:00'),
(598, '17061', '0000-00-00 00:00:00', '0000-00-00 00:00:00'),
(599, '17061', '0000-00-00 00:00:00', '0000-00-00 00:00:00'),
(600, '17061', '0000-00-00 00:00:00', '0000-00-00 00:00:00'),
(601, '17061', '0000-00-00 00:00:00', '0000-00-00 00:00:00'),
(602, '17061', '0000-00-00 00:00:00', '0000-00-00 00:00:00'),
(603, '17080', '0000-00-00 00:00:00', '0000-00-00 00:00:00'),
(604, '17081', '0000-00-00 00:00:00', '0000-00-00 00:00:00'),
(605, '17081', '0000-00-00 00:00:00', '0000-00-00 00:00:00'),
(606, '17081', '0000-00-00 00:00:00', '0000-00-00 00:00:00'),
(607, '17081', '0000-00-00 00:00:00', '0000-00-00 00:00:00'),
(608, '17081', '0000-00-00 00:00:00', '0000-00-00 00:00:00'),
(609, '17081', '0000-00-00 00:00:00', '0000-00-00 00:00:00'),
(610, '17081', '0000-00-00 00:00:00', '0000-00-00 00:00:00'),
(611, '17081', '0000-00-00 00:00:00', '0000-00-00 00:00:00'),
(612, '17100', '0000-00-00 00:00:00', '0000-00-00 00:00:00'),
(613, '17101', '0000-00-00 00:00:00', '0000-00-00 00:00:00'),
(614, '17101', '0000-00-00 00:00:00', '0000-00-00 00:00:00'),
(615, '17110', '0000-00-00 00:00:00', '0000-00-00 00:00:00'),
(616, '17111', '0000-00-00 00:00:00', '0000-00-00 00:00:00'),
(617, '17111', '0000-00-00 00:00:00', '0000-00-00 00:00:00'),
(618, '17111', '0000-00-00 00:00:00', '0000-00-00 00:00:00'),
(619, '17111', '0000-00-00 00:00:00', '0000-00-00 00:00:00'),
(620, '17111', '0000-00-00 00:00:00', '0000-00-00 00:00:00'),
(621, '17111', '0000-00-00 00:00:00', '0000-00-00 00:00:00'),
(622, '17120', '0000-00-00 00:00:00', '0000-00-00 00:00:00'),
(623, '17121', '0000-00-00 00:00:00', '0000-00-00 00:00:00'),
(624, '17121', '0000-00-00 00:00:00', '0000-00-00 00:00:00'),
(625, '17121', '0000-00-00 00:00:00', '0000-00-00 00:00:00'),
(626, '17130', '0000-00-00 00:00:00', '0000-00-00 00:00:00'),
(627, '17131', '0000-00-00 00:00:00', '0000-00-00 00:00:00'),
(628, '17131', '0000-00-00 00:00:00', '0000-00-00 00:00:00'),
(629, '17131', '0000-00-00 00:00:00', '0000-00-00 00:00:00'),
(630, '17131', '0000-00-00 00:00:00', '0000-00-00 00:00:00'),
(631, '17131', '0000-00-00 00:00:00', '0000-00-00 00:00:00'),
(632, '17131', '0000-00-00 00:00:00', '0000-00-00 00:00:00'),
(633, '17140', '0000-00-00 00:00:00', '0000-00-00 00:00:00'),
(634, '17200', '0000-00-00 00:00:00', '0000-00-00 00:00:00'),
(635, '17201', '0000-00-00 00:00:00', '0000-00-00 00:00:00'),
(636, '17201', '0000-00-00 00:00:00', '0000-00-00 00:00:00'),
(637, '17201', '0000-00-00 00:00:00', '0000-00-00 00:00:00'),
(638, '17201', '0000-00-00 00:00:00', '0000-00-00 00:00:00'),
(639, '17201', '0000-00-00 00:00:00', '0000-00-00 00:00:00'),
(640, '17201', '0000-00-00 00:00:00', '0000-00-00 00:00:00'),
(641, '17201', '0000-00-00 00:00:00', '0000-00-00 00:00:00'),
(642, '17201', '0000-00-00 00:00:00', '0000-00-00 00:00:00'),
(643, '17201', '0000-00-00 00:00:00', '0000-00-00 00:00:00'),
(644, '17201', '0000-00-00 00:00:00', '0000-00-00 00:00:00'),
(645, '17201', '0000-00-00 00:00:00', '0000-00-00 00:00:00'),
(646, '17201', '0000-00-00 00:00:00', '0000-00-00 00:00:00'),
(647, '17201', '0000-00-00 00:00:00', '0000-00-00 00:00:00'),
(648, '17201', '0000-00-00 00:00:00', '0000-00-00 00:00:00'),
(649, '17201', '0000-00-00 00:00:00', '0000-00-00 00:00:00'),
(650, '17201', '0000-00-00 00:00:00', '0000-00-00 00:00:00'),
(651, '17201', '0000-00-00 00:00:00', '0000-00-00 00:00:00'),
(652, '17201', '0000-00-00 00:00:00', '0000-00-00 00:00:00'),
(653, '17201', '0000-00-00 00:00:00', '0000-00-00 00:00:00'),
(654, '17210', '0000-00-00 00:00:00', '0000-00-00 00:00:00'),
(655, '17211', '0000-00-00 00:00:00', '0000-00-00 00:00:00'),
(656, '17220', '0000-00-00 00:00:00', '0000-00-00 00:00:00'),
(657, '17221', '0000-00-00 00:00:00', '0000-00-00 00:00:00'),
(658, '17221', '0000-00-00 00:00:00', '0000-00-00 00:00:00'),
(659, '17221', '0000-00-00 00:00:00', '0000-00-00 00:00:00'),
(660, '17221', '0000-00-00 00:00:00', '0000-00-00 00:00:00'),
(661, '17221', '0000-00-00 00:00:00', '0000-00-00 00:00:00'),
(662, '17221', '0000-00-00 00:00:00', '0000-00-00 00:00:00'),
(663, '17221', '0000-00-00 00:00:00', '0000-00-00 00:00:00'),
(664, '17221', '0000-00-00 00:00:00', '0000-00-00 00:00:00'),
(665, '17230', '0000-00-00 00:00:00', '0000-00-00 00:00:00'),
(666, '17234', '0000-00-00 00:00:00', '0000-00-00 00:00:00'),
(667, '17240', '0000-00-00 00:00:00', '0000-00-00 00:00:00'),
(668, '17250', '0000-00-00 00:00:00', '0000-00-00 00:00:00'),
(669, '17260', '0000-00-00 00:00:00', '0000-00-00 00:00:00'),
(670, '17261', '0000-00-00 00:00:00', '0000-00-00 00:00:00'),
(671, '17501', '0000-00-00 00:00:00', '0000-00-00 00:00:00'),
(672, '17501', '0000-00-00 00:00:00', '0000-00-00 00:00:00'),
(673, '17501', '0000-00-00 00:00:00', '0000-00-00 00:00:00'),
(674, '18000', '0000-00-00 00:00:00', '0000-00-00 00:00:00'),
(675, '18001', '0000-00-00 00:00:00', '0000-00-00 00:00:00'),
(676, '18001', '0000-00-00 00:00:00', '0000-00-00 00:00:00'),
(677, '18001', '0000-00-00 00:00:00', '0000-00-00 00:00:00'),
(678, '18001', '0000-00-00 00:00:00', '0000-00-00 00:00:00'),
(679, '18001', '0000-00-00 00:00:00', '0000-00-00 00:00:00'),
(680, '18001', '0000-00-00 00:00:00', '0000-00-00 00:00:00'),
(681, '18001', '0000-00-00 00:00:00', '0000-00-00 00:00:00'),
(682, '18001', '0000-00-00 00:00:00', '0000-00-00 00:00:00'),
(683, '18001', '0000-00-00 00:00:00', '0000-00-00 00:00:00'),
(684, '18001', '0000-00-00 00:00:00', '0000-00-00 00:00:00'),
(685, '18001', '0000-00-00 00:00:00', '0000-00-00 00:00:00'),
(686, '18050', '0000-00-00 00:00:00', '0000-00-00 00:00:00'),
(687, '18050', '0000-00-00 00:00:00', '0000-00-00 00:00:00'),
(688, '18051', '0000-00-00 00:00:00', '0000-00-00 00:00:00'),
(689, '18100', '0000-00-00 00:00:00', '0000-00-00 00:00:00'),
(690, '18150', '0000-00-00 00:00:00', '0000-00-00 00:00:00'),
(691, '18151', '0000-00-00 00:00:00', '0000-00-00 00:00:00'),
(692, '18151', '0000-00-00 00:00:00', '0000-00-00 00:00:00'),
(693, '18151', '0000-00-00 00:00:00', '0000-00-00 00:00:00'),
(694, '18151', '0000-00-00 00:00:00', '0000-00-00 00:00:00'),
(695, '18151', '0000-00-00 00:00:00', '0000-00-00 00:00:00'),
(696, '18151', '0000-00-00 00:00:00', '0000-00-00 00:00:00'),
(697, '18151', '0000-00-00 00:00:00', '0000-00-00 00:00:00'),
(698, '18200', '0000-00-00 00:00:00', '0000-00-00 00:00:00'),
(699, '18201', '0000-00-00 00:00:00', '0000-00-00 00:00:00'),
(700, '18201', '0000-00-00 00:00:00', '0000-00-00 00:00:00'),
(701, '18201', '0000-00-00 00:00:00', '0000-00-00 00:00:00'),
(702, '18201', '0000-00-00 00:00:00', '0000-00-00 00:00:00'),
(703, '18201', '0000-00-00 00:00:00', '0000-00-00 00:00:00'),
(704, '18250', '0000-00-00 00:00:00', '0000-00-00 00:00:00'),
(705, '18251', '0000-00-00 00:00:00', '0000-00-00 00:00:00'),
(706, '18251', '0000-00-00 00:00:00', '0000-00-00 00:00:00'),
(707, '18251', '0000-00-00 00:00:00', '0000-00-00 00:00:00'),
(708, '18251', '0000-00-00 00:00:00', '0000-00-00 00:00:00'),
(709, '18251', '0000-00-00 00:00:00', '0000-00-00 00:00:00'),
(710, '18251', '0000-00-00 00:00:00', '0000-00-00 00:00:00'),
(711, '18300', '0000-00-00 00:00:00', '0000-00-00 00:00:00'),
(712, '18301', '0000-00-00 00:00:00', '0000-00-00 00:00:00'),
(713, '18301', '0000-00-00 00:00:00', '0000-00-00 00:00:00'),
(714, '18301', '0000-00-00 00:00:00', '0000-00-00 00:00:00'),
(715, '18301', '0000-00-00 00:00:00', '0000-00-00 00:00:00'),
(716, '18301', '0000-00-00 00:00:00', '0000-00-00 00:00:00'),
(717, '18301', '0000-00-00 00:00:00', '0000-00-00 00:00:00'),
(718, '18301', '0000-00-00 00:00:00', '0000-00-00 00:00:00'),
(719, '18301', '0000-00-00 00:00:00', '0000-00-00 00:00:00'),
(720, '18301', '0000-00-00 00:00:00', '0000-00-00 00:00:00'),
(721, '18301', '0000-00-00 00:00:00', '0000-00-00 00:00:00'),
(722, '18301', '0000-00-00 00:00:00', '0000-00-00 00:00:00'),
(723, '18301', '0000-00-00 00:00:00', '0000-00-00 00:00:00'),
(724, '18301', '0000-00-00 00:00:00', '0000-00-00 00:00:00'),
(725, '18301', '0000-00-00 00:00:00', '0000-00-00 00:00:00'),
(726, '18301', '0000-00-00 00:00:00', '0000-00-00 00:00:00'),
(727, '18301', '0000-00-00 00:00:00', '0000-00-00 00:00:00'),
(728, '18301', '0000-00-00 00:00:00', '0000-00-00 00:00:00'),
(729, '18350', '0000-00-00 00:00:00', '0000-00-00 00:00:00'),
(730, '18351', '0000-00-00 00:00:00', '0000-00-00 00:00:00'),
(731, '18351', '0000-00-00 00:00:00', '0000-00-00 00:00:00'),
(732, '18351', '0000-00-00 00:00:00', '0000-00-00 00:00:00'),
(733, '18351', '0000-00-00 00:00:00', '0000-00-00 00:00:00'),
(734, '18351', '0000-00-00 00:00:00', '0000-00-00 00:00:00'),
(735, '18400', '0000-00-00 00:00:00', '0000-00-00 00:00:00'),
(736, '18450', '0000-00-00 00:00:00', '0000-00-00 00:00:00'),
(737, '18500', '0000-00-00 00:00:00', '0000-00-00 00:00:00'),
(738, '18501', '0000-00-00 00:00:00', '0000-00-00 00:00:00'),
(739, '18501', '0000-00-00 00:00:00', '0000-00-00 00:00:00'),
(740, '18501', '0000-00-00 00:00:00', '0000-00-00 00:00:00'),
(741, '18501', '0000-00-00 00:00:00', '0000-00-00 00:00:00'),
(742, '18550', '0000-00-00 00:00:00', '0000-00-00 00:00:00'),
(743, '18551', '0000-00-00 00:00:00', '0000-00-00 00:00:00'),
(744, '18551', '0000-00-00 00:00:00', '0000-00-00 00:00:00'),
(745, '18600', '0000-00-00 00:00:00', '0000-00-00 00:00:00'),
(746, '18601', '0000-00-00 00:00:00', '0000-00-00 00:00:00'),
(747, '18601', '0000-00-00 00:00:00', '0000-00-00 00:00:00'),
(748, '18601', '0000-00-00 00:00:00', '0000-00-00 00:00:00'),
(749, '18650', '0000-00-00 00:00:00', '0000-00-00 00:00:00'),
(750, '18651', '0000-00-00 00:00:00', '0000-00-00 00:00:00'),
(751, '18651', '0000-00-00 00:00:00', '0000-00-00 00:00:00'),
(752, '18651', '0000-00-00 00:00:00', '0000-00-00 00:00:00'),
(753, '18651', '0000-00-00 00:00:00', '0000-00-00 00:00:00'),
(754, '18651', '0000-00-00 00:00:00', '0000-00-00 00:00:00'),
(755, '18700', '0000-00-00 00:00:00', '0000-00-00 00:00:00'),
(756, '18701', '0000-00-00 00:00:00', '0000-00-00 00:00:00'),
(757, '18701', '0000-00-00 00:00:00', '0000-00-00 00:00:00'),
(758, '18701', '0000-00-00 00:00:00', '0000-00-00 00:00:00'),
(759, '18701', '0000-00-00 00:00:00', '0000-00-00 00:00:00'),
(760, '18701', '0000-00-00 00:00:00', '0000-00-00 00:00:00'),
(761, '18750', '0000-00-00 00:00:00', '0000-00-00 00:00:00'),
(762, '18751', '0000-00-00 00:00:00', '0000-00-00 00:00:00'),
(763, '18800', '0000-00-00 00:00:00', '0000-00-00 00:00:00'),
(764, '18801', '0000-00-00 00:00:00', '0000-00-00 00:00:00'),
(765, '18801', '0000-00-00 00:00:00', '0000-00-00 00:00:00'),
(766, '18801', '0000-00-00 00:00:00', '0000-00-00 00:00:00'),
(767, '18801', '0000-00-00 00:00:00', '0000-00-00 00:00:00'),
(768, '18801', '0000-00-00 00:00:00', '0000-00-00 00:00:00'),
(769, '18801', '0000-00-00 00:00:00', '0000-00-00 00:00:00'),
(770, '19010', '0000-00-00 00:00:00', '0000-00-00 00:00:00'),
(771, '19011', '0000-00-00 00:00:00', '0000-00-00 00:00:00'),
(772, '19011', '0000-00-00 00:00:00', '0000-00-00 00:00:00'),
(773, '19011', '0000-00-00 00:00:00', '0000-00-00 00:00:00'),
(774, '19011', '0000-00-00 00:00:00', '0000-00-00 00:00:00'),
(775, '19020', '0000-00-00 00:00:00', '0000-00-00 00:00:00'),
(776, '19021', '0000-00-00 00:00:00', '0000-00-00 00:00:00'),
(777, '19021', '0000-00-00 00:00:00', '0000-00-00 00:00:00'),
(778, '19030', '0000-00-00 00:00:00', '0000-00-00 00:00:00'),
(779, '19031', '0000-00-00 00:00:00', '0000-00-00 00:00:00'),
(780, '19031', '0000-00-00 00:00:00', '0000-00-00 00:00:00'),
(781, '19040', '0000-00-00 00:00:00', '0000-00-00 00:00:00'),
(782, '19041', '0000-00-00 00:00:00', '0000-00-00 00:00:00'),
(783, '19041', '0000-00-00 00:00:00', '0000-00-00 00:00:00'),
(784, '19041', '0000-00-00 00:00:00', '0000-00-00 00:00:00'),
(785, '19041', '0000-00-00 00:00:00', '0000-00-00 00:00:00'),
(786, '19041', '0000-00-00 00:00:00', '0000-00-00 00:00:00'),
(787, '19041', '0000-00-00 00:00:00', '0000-00-00 00:00:00'),
(788, '19041', '0000-00-00 00:00:00', '0000-00-00 00:00:00'),
(789, '19041', '0000-00-00 00:00:00', '0000-00-00 00:00:00'),
(790, '19041', '0000-00-00 00:00:00', '0000-00-00 00:00:00'),
(791, '19041', '0000-00-00 00:00:00', '0000-00-00 00:00:00'),
(792, '19041', '0000-00-00 00:00:00', '0000-00-00 00:00:00'),
(793, '19041', '0000-00-00 00:00:00', '0000-00-00 00:00:00'),
(794, '19041', '0000-00-00 00:00:00', '0000-00-00 00:00:00'),
(795, '19041', '0000-00-00 00:00:00', '0000-00-00 00:00:00'),
(796, '19050', '0000-00-00 00:00:00', '0000-00-00 00:00:00'),
(797, '19051', '0000-00-00 00:00:00', '0000-00-00 00:00:00'),
(798, '19051', '0000-00-00 00:00:00', '0000-00-00 00:00:00'),
(799, '19051', '0000-00-00 00:00:00', '0000-00-00 00:00:00'),
(800, '19051', '0000-00-00 00:00:00', '0000-00-00 00:00:00'),
(801, '19060', '0000-00-00 00:00:00', '0000-00-00 00:00:00'),
(802, '19061', '0000-00-00 00:00:00', '0000-00-00 00:00:00'),
(803, '19061', '0000-00-00 00:00:00', '0000-00-00 00:00:00'),
(804, '19070', '0000-00-00 00:00:00', '0000-00-00 00:00:00'),
(805, '19071', '0000-00-00 00:00:00', '0000-00-00 00:00:00'),
(806, '19071', '0000-00-00 00:00:00', '0000-00-00 00:00:00'),
(807, '19071', '0000-00-00 00:00:00', '0000-00-00 00:00:00'),
(808, '19071', '0000-00-00 00:00:00', '0000-00-00 00:00:00'),
(809, '19071', '0000-00-00 00:00:00', '0000-00-00 00:00:00'),
(810, '19071', '0000-00-00 00:00:00', '0000-00-00 00:00:00'),
(811, '19071', '0000-00-00 00:00:00', '0000-00-00 00:00:00'),
(812, '19100', '0000-00-00 00:00:00', '0000-00-00 00:00:00'),
(813, '19101', '0000-00-00 00:00:00', '0000-00-00 00:00:00'),
(814, '19101', '0000-00-00 00:00:00', '0000-00-00 00:00:00'),
(815, '19101', '0000-00-00 00:00:00', '0000-00-00 00:00:00'),
(816, '19101', '0000-00-00 00:00:00', '0000-00-00 00:00:00'),
(817, '19101', '0000-00-00 00:00:00', '0000-00-00 00:00:00'),
(818, '19101', '0000-00-00 00:00:00', '0000-00-00 00:00:00'),
(819, '19101', '0000-00-00 00:00:00', '0000-00-00 00:00:00'),
(820, '19101', '0000-00-00 00:00:00', '0000-00-00 00:00:00'),
(821, '19101', '0000-00-00 00:00:00', '0000-00-00 00:00:00'),
(822, '19101', '0000-00-00 00:00:00', '0000-00-00 00:00:00'),
(823, '19101', '0000-00-00 00:00:00', '0000-00-00 00:00:00'),
(824, '19101', '0000-00-00 00:00:00', '0000-00-00 00:00:00'),
(825, '19101', '0000-00-00 00:00:00', '0000-00-00 00:00:00'),
(826, '19101', '0000-00-00 00:00:00', '0000-00-00 00:00:00'),
(827, '19101', '0000-00-00 00:00:00', '0000-00-00 00:00:00'),
(828, '19101', '0000-00-00 00:00:00', '0000-00-00 00:00:00'),
(829, '19101', '0000-00-00 00:00:00', '0000-00-00 00:00:00'),
(830, '19110', '0000-00-00 00:00:00', '0000-00-00 00:00:00'),
(831, '19111', '0000-00-00 00:00:00', '0000-00-00 00:00:00'),
(832, '19111', '0000-00-00 00:00:00', '0000-00-00 00:00:00'),
(833, '19111', '0000-00-00 00:00:00', '0000-00-00 00:00:00');
INSERT INTO `prepaid_pincodes` (`id`, `pincodes`, `created_at`, `updated_at`) VALUES
(834, '19120', '0000-00-00 00:00:00', '0000-00-00 00:00:00'),
(835, '19121', '0000-00-00 00:00:00', '0000-00-00 00:00:00'),
(836, '19130', '0000-00-00 00:00:00', '0000-00-00 00:00:00'),
(837, '19131', '0000-00-00 00:00:00', '0000-00-00 00:00:00'),
(838, '19131', '0000-00-00 00:00:00', '0000-00-00 00:00:00'),
(839, '19131', '0000-00-00 00:00:00', '0000-00-00 00:00:00'),
(840, '19131', '0000-00-00 00:00:00', '0000-00-00 00:00:00'),
(841, '19140', '0000-00-00 00:00:00', '0000-00-00 00:00:00'),
(842, '19150', '0000-00-00 00:00:00', '0000-00-00 00:00:00'),
(843, '19200', '0000-00-00 00:00:00', '0000-00-00 00:00:00'),
(844, '19201', '0000-00-00 00:00:00', '0000-00-00 00:00:00'),
(845, '19201', '0000-00-00 00:00:00', '0000-00-00 00:00:00'),
(846, '19201', '0000-00-00 00:00:00', '0000-00-00 00:00:00'),
(847, '19201', '0000-00-00 00:00:00', '0000-00-00 00:00:00'),
(848, '19201', '0000-00-00 00:00:00', '0000-00-00 00:00:00'),
(849, '19201', '0000-00-00 00:00:00', '0000-00-00 00:00:00'),
(850, '19201', '0000-00-00 00:00:00', '0000-00-00 00:00:00'),
(851, '19201', '0000-00-00 00:00:00', '0000-00-00 00:00:00'),
(852, '19201', '0000-00-00 00:00:00', '0000-00-00 00:00:00'),
(853, '19201', '0000-00-00 00:00:00', '0000-00-00 00:00:00'),
(854, '19201', '0000-00-00 00:00:00', '0000-00-00 00:00:00'),
(855, '19201', '0000-00-00 00:00:00', '0000-00-00 00:00:00'),
(856, '19201', '0000-00-00 00:00:00', '0000-00-00 00:00:00'),
(857, '19201', '0000-00-00 00:00:00', '0000-00-00 00:00:00'),
(858, '19201', '0000-00-00 00:00:00', '0000-00-00 00:00:00'),
(859, '19201', '0000-00-00 00:00:00', '0000-00-00 00:00:00'),
(860, '19201', '0000-00-00 00:00:00', '0000-00-00 00:00:00'),
(861, '19201', '0000-00-00 00:00:00', '0000-00-00 00:00:00'),
(862, '19201', '0000-00-00 00:00:00', '0000-00-00 00:00:00'),
(863, '19201', '0000-00-00 00:00:00', '0000-00-00 00:00:00'),
(864, '19201', '0000-00-00 00:00:00', '0000-00-00 00:00:00'),
(865, '19210', '0000-00-00 00:00:00', '0000-00-00 00:00:00'),
(866, '19211', '0000-00-00 00:00:00', '0000-00-00 00:00:00'),
(867, '19211', '0000-00-00 00:00:00', '0000-00-00 00:00:00'),
(868, '19211', '0000-00-00 00:00:00', '0000-00-00 00:00:00'),
(869, '19211', '0000-00-00 00:00:00', '0000-00-00 00:00:00'),
(870, '19211', '0000-00-00 00:00:00', '0000-00-00 00:00:00'),
(871, '19211', '0000-00-00 00:00:00', '0000-00-00 00:00:00'),
(872, '19230', '0000-00-00 00:00:00', '0000-00-00 00:00:00'),
(873, '19240', '0000-00-00 00:00:00', '0000-00-00 00:00:00'),
(874, '19241', '0000-00-00 00:00:00', '0000-00-00 00:00:00'),
(875, '19241', '0000-00-00 00:00:00', '0000-00-00 00:00:00'),
(876, '19241', '0000-00-00 00:00:00', '0000-00-00 00:00:00'),
(877, '19241', '0000-00-00 00:00:00', '0000-00-00 00:00:00'),
(878, '19241', '0000-00-00 00:00:00', '0000-00-00 00:00:00'),
(879, '19250', '0000-00-00 00:00:00', '0000-00-00 00:00:00'),
(880, '19251', '0000-00-00 00:00:00', '0000-00-00 00:00:00'),
(881, '19270', '0000-00-00 00:00:00', '0000-00-00 00:00:00'),
(882, '19280', '0000-00-00 00:00:00', '0000-00-00 00:00:00'),
(883, '19281', '0000-00-00 00:00:00', '0000-00-00 00:00:00'),
(884, '19281', '0000-00-00 00:00:00', '0000-00-00 00:00:00'),
(885, '19281', '0000-00-00 00:00:00', '0000-00-00 00:00:00'),
(886, '19281', '0000-00-00 00:00:00', '0000-00-00 00:00:00'),
(887, '19281', '0000-00-00 00:00:00', '0000-00-00 00:00:00'),
(888, '19290', '0000-00-00 00:00:00', '0000-00-00 00:00:00'),
(889, '19291', '0000-00-00 00:00:00', '0000-00-00 00:00:00'),
(890, '19291', '0000-00-00 00:00:00', '0000-00-00 00:00:00'),
(891, '19291', '0000-00-00 00:00:00', '0000-00-00 00:00:00'),
(892, '19291', '0000-00-00 00:00:00', '0000-00-00 00:00:00'),
(893, '19291', '0000-00-00 00:00:00', '0000-00-00 00:00:00'),
(894, '19291', '0000-00-00 00:00:00', '0000-00-00 00:00:00'),
(895, '19291', '0000-00-00 00:00:00', '0000-00-00 00:00:00'),
(896, '19291', '0000-00-00 00:00:00', '0000-00-00 00:00:00'),
(897, '19291', '0000-00-00 00:00:00', '0000-00-00 00:00:00'),
(898, '19291', '0000-00-00 00:00:00', '0000-00-00 00:00:00'),
(899, '19291', '0000-00-00 00:00:00', '0000-00-00 00:00:00'),
(900, '19291', '0000-00-00 00:00:00', '0000-00-00 00:00:00'),
(901, '19291', '0000-00-00 00:00:00', '0000-00-00 00:00:00'),
(902, '19300', '0000-00-00 00:00:00', '0000-00-00 00:00:00'),
(903, '19301', '0000-00-00 00:00:00', '0000-00-00 00:00:00'),
(904, '19301', '0000-00-00 00:00:00', '0000-00-00 00:00:00'),
(905, '19301', '0000-00-00 00:00:00', '0000-00-00 00:00:00'),
(906, '19301', '0000-00-00 00:00:00', '0000-00-00 00:00:00'),
(907, '19301', '0000-00-00 00:00:00', '0000-00-00 00:00:00'),
(908, '20000', '0000-00-00 00:00:00', '0000-00-00 00:00:00'),
(909, '20100', '0000-00-00 00:00:00', '0000-00-00 00:00:00'),
(910, '20101', '0000-00-00 00:00:00', '0000-00-00 00:00:00'),
(911, '20101', '0000-00-00 00:00:00', '0000-00-00 00:00:00'),
(912, '20200', '0000-00-00 00:00:00', '0000-00-00 00:00:00'),
(913, '20201', '0000-00-00 00:00:00', '0000-00-00 00:00:00'),
(914, '20210', '0000-00-00 00:00:00', '0000-00-00 00:00:00'),
(915, '20300', '0000-00-00 00:00:00', '0000-00-00 00:00:00'),
(916, '20301', '0000-00-00 00:00:00', '0000-00-00 00:00:00'),
(917, '20400', '0000-00-00 00:00:00', '0000-00-00 00:00:00'),
(918, '20500', '0000-00-00 00:00:00', '0000-00-00 00:00:00'),
(919, '20501', '0000-00-00 00:00:00', '0000-00-00 00:00:00'),
(920, '20501', '0000-00-00 00:00:00', '0000-00-00 00:00:00'),
(921, '21010', '0000-00-00 00:00:00', '0000-00-00 00:00:00'),
(922, '21011', '0000-00-00 00:00:00', '0000-00-00 00:00:00'),
(923, '21011', '0000-00-00 00:00:00', '0000-00-00 00:00:00'),
(924, '21011', '0000-00-00 00:00:00', '0000-00-00 00:00:00'),
(925, '21011', '0000-00-00 00:00:00', '0000-00-00 00:00:00'),
(926, '21011', '0000-00-00 00:00:00', '0000-00-00 00:00:00'),
(927, '21011', '0000-00-00 00:00:00', '0000-00-00 00:00:00'),
(928, '21011', '0000-00-00 00:00:00', '0000-00-00 00:00:00'),
(929, '21011', '0000-00-00 00:00:00', '0000-00-00 00:00:00'),
(930, '21011', '0000-00-00 00:00:00', '0000-00-00 00:00:00'),
(931, '21011', '0000-00-00 00:00:00', '0000-00-00 00:00:00'),
(932, '21011', '0000-00-00 00:00:00', '0000-00-00 00:00:00'),
(933, '21011', '0000-00-00 00:00:00', '0000-00-00 00:00:00'),
(934, '21011', '0000-00-00 00:00:00', '0000-00-00 00:00:00'),
(935, '21011', '0000-00-00 00:00:00', '0000-00-00 00:00:00'),
(936, '21020', '0000-00-00 00:00:00', '0000-00-00 00:00:00'),
(937, '21021', '0000-00-00 00:00:00', '0000-00-00 00:00:00'),
(938, '21021', '0000-00-00 00:00:00', '0000-00-00 00:00:00'),
(939, '21021', '0000-00-00 00:00:00', '0000-00-00 00:00:00'),
(940, '21030', '0000-00-00 00:00:00', '0000-00-00 00:00:00'),
(941, '21031', '0000-00-00 00:00:00', '0000-00-00 00:00:00'),
(942, '21031', '0000-00-00 00:00:00', '0000-00-00 00:00:00'),
(943, '21031', '0000-00-00 00:00:00', '0000-00-00 00:00:00'),
(944, '21031', '0000-00-00 00:00:00', '0000-00-00 00:00:00'),
(945, '21031', '0000-00-00 00:00:00', '0000-00-00 00:00:00'),
(946, '21031', '0000-00-00 00:00:00', '0000-00-00 00:00:00'),
(947, '21031', '0000-00-00 00:00:00', '0000-00-00 00:00:00'),
(948, '21040', '0000-00-00 00:00:00', '0000-00-00 00:00:00'),
(949, '21041', '0000-00-00 00:00:00', '0000-00-00 00:00:00'),
(950, '21041', '0000-00-00 00:00:00', '0000-00-00 00:00:00'),
(951, '21041', '0000-00-00 00:00:00', '0000-00-00 00:00:00'),
(952, '21041', '0000-00-00 00:00:00', '0000-00-00 00:00:00'),
(953, '21041', '0000-00-00 00:00:00', '0000-00-00 00:00:00'),
(954, '21041', '0000-00-00 00:00:00', '0000-00-00 00:00:00'),
(955, '21041', '0000-00-00 00:00:00', '0000-00-00 00:00:00'),
(956, '21041', '0000-00-00 00:00:00', '0000-00-00 00:00:00'),
(957, '21041', '0000-00-00 00:00:00', '0000-00-00 00:00:00'),
(958, '21050', '0000-00-00 00:00:00', '0000-00-00 00:00:00'),
(959, '21051', '0000-00-00 00:00:00', '0000-00-00 00:00:00'),
(960, '21060', '0000-00-00 00:00:00', '0000-00-00 00:00:00'),
(961, '21061', '0000-00-00 00:00:00', '0000-00-00 00:00:00'),
(962, '21061', '0000-00-00 00:00:00', '0000-00-00 00:00:00'),
(963, '21061', '0000-00-00 00:00:00', '0000-00-00 00:00:00'),
(964, '21061', '0000-00-00 00:00:00', '0000-00-00 00:00:00'),
(965, '21061', '0000-00-00 00:00:00', '0000-00-00 00:00:00'),
(966, '21061', '0000-00-00 00:00:00', '0000-00-00 00:00:00'),
(967, '21061', '0000-00-00 00:00:00', '0000-00-00 00:00:00'),
(968, '21061', '0000-00-00 00:00:00', '0000-00-00 00:00:00'),
(969, '21061', '0000-00-00 00:00:00', '0000-00-00 00:00:00'),
(970, '21061', '0000-00-00 00:00:00', '0000-00-00 00:00:00'),
(971, '21061', '0000-00-00 00:00:00', '0000-00-00 00:00:00'),
(972, '21070', '0000-00-00 00:00:00', '0000-00-00 00:00:00'),
(973, '21080', '0000-00-00 00:00:00', '0000-00-00 00:00:00'),
(974, '21090', '0000-00-00 00:00:00', '0000-00-00 00:00:00'),
(975, '21091', '0000-00-00 00:00:00', '0000-00-00 00:00:00'),
(976, '21091', '0000-00-00 00:00:00', '0000-00-00 00:00:00'),
(977, '21091', '0000-00-00 00:00:00', '0000-00-00 00:00:00'),
(978, '21091', '0000-00-00 00:00:00', '0000-00-00 00:00:00'),
(979, '21091', '0000-00-00 00:00:00', '0000-00-00 00:00:00'),
(980, '21091', '0000-00-00 00:00:00', '0000-00-00 00:00:00'),
(981, '21091', '0000-00-00 00:00:00', '0000-00-00 00:00:00'),
(982, '21091', '0000-00-00 00:00:00', '0000-00-00 00:00:00'),
(983, '21100', '0000-00-00 00:00:00', '0000-00-00 00:00:00'),
(984, '21101', '0000-00-00 00:00:00', '0000-00-00 00:00:00'),
(985, '21110', '0000-00-00 00:00:00', '0000-00-00 00:00:00'),
(986, '21111', '0000-00-00 00:00:00', '0000-00-00 00:00:00'),
(987, '21111', '0000-00-00 00:00:00', '0000-00-00 00:00:00'),
(988, '21111', '0000-00-00 00:00:00', '0000-00-00 00:00:00'),
(989, '21111', '0000-00-00 00:00:00', '0000-00-00 00:00:00'),
(990, '21111', '0000-00-00 00:00:00', '0000-00-00 00:00:00'),
(991, '21130', '0000-00-00 00:00:00', '0000-00-00 00:00:00'),
(992, '21131', '0000-00-00 00:00:00', '0000-00-00 00:00:00'),
(993, '21131', '0000-00-00 00:00:00', '0000-00-00 00:00:00'),
(994, '21131', '0000-00-00 00:00:00', '0000-00-00 00:00:00'),
(995, '21140', '0000-00-00 00:00:00', '0000-00-00 00:00:00'),
(996, '21141', '0000-00-00 00:00:00', '0000-00-00 00:00:00'),
(997, '21150', '0000-00-00 00:00:00', '0000-00-00 00:00:00'),
(998, '21160', '0000-00-00 00:00:00', '0000-00-00 00:00:00'),
(999, '21161', '0000-00-00 00:00:00', '0000-00-00 00:00:00'),
(1000, '21161', '0000-00-00 00:00:00', '0000-00-00 00:00:00'),
(1001, '21161', '0000-00-00 00:00:00', '0000-00-00 00:00:00'),
(1002, '21161', '0000-00-00 00:00:00', '0000-00-00 00:00:00'),
(1003, '21161', '0000-00-00 00:00:00', '0000-00-00 00:00:00'),
(1004, '21161', '0000-00-00 00:00:00', '0000-00-00 00:00:00'),
(1005, '21161', '0000-00-00 00:00:00', '0000-00-00 00:00:00'),
(1006, '21161', '0000-00-00 00:00:00', '0000-00-00 00:00:00'),
(1007, '21161', '0000-00-00 00:00:00', '0000-00-00 00:00:00'),
(1008, '21170', '0000-00-00 00:00:00', '0000-00-00 00:00:00'),
(1009, '21200', '0000-00-00 00:00:00', '0000-00-00 00:00:00'),
(1010, '21210', '0000-00-00 00:00:00', '0000-00-00 00:00:00'),
(1011, '21211', '0000-00-00 00:00:00', '0000-00-00 00:00:00'),
(1012, '21220', '0000-00-00 00:00:00', '0000-00-00 00:00:00'),
(1013, '21221', '0000-00-00 00:00:00', '0000-00-00 00:00:00'),
(1014, '21221', '0000-00-00 00:00:00', '0000-00-00 00:00:00'),
(1015, '21230', '0000-00-00 00:00:00', '0000-00-00 00:00:00'),
(1016, '21231', '0000-00-00 00:00:00', '0000-00-00 00:00:00'),
(1017, '21231', '0000-00-00 00:00:00', '0000-00-00 00:00:00'),
(1018, '21231', '0000-00-00 00:00:00', '0000-00-00 00:00:00'),
(1019, '21231', '0000-00-00 00:00:00', '0000-00-00 00:00:00'),
(1020, '21231', '0000-00-00 00:00:00', '0000-00-00 00:00:00'),
(1021, '21231', '0000-00-00 00:00:00', '0000-00-00 00:00:00'),
(1022, '21231', '0000-00-00 00:00:00', '0000-00-00 00:00:00'),
(1023, '21231', '0000-00-00 00:00:00', '0000-00-00 00:00:00'),
(1024, '21231', '0000-00-00 00:00:00', '0000-00-00 00:00:00'),
(1025, '21231', '0000-00-00 00:00:00', '0000-00-00 00:00:00'),
(1026, '21231', '0000-00-00 00:00:00', '0000-00-00 00:00:00'),
(1027, '21231', '0000-00-00 00:00:00', '0000-00-00 00:00:00'),
(1028, '21231', '0000-00-00 00:00:00', '0000-00-00 00:00:00'),
(1029, '21240', '0000-00-00 00:00:00', '0000-00-00 00:00:00'),
(1030, '21241', '0000-00-00 00:00:00', '0000-00-00 00:00:00'),
(1031, '21241', '0000-00-00 00:00:00', '0000-00-00 00:00:00'),
(1032, '21241', '0000-00-00 00:00:00', '0000-00-00 00:00:00'),
(1033, '21241', '0000-00-00 00:00:00', '0000-00-00 00:00:00'),
(1034, '21241', '0000-00-00 00:00:00', '0000-00-00 00:00:00'),
(1035, '21241', '0000-00-00 00:00:00', '0000-00-00 00:00:00'),
(1036, '21241', '0000-00-00 00:00:00', '0000-00-00 00:00:00'),
(1037, '21250', '0000-00-00 00:00:00', '0000-00-00 00:00:00'),
(1038, '21260', '0000-00-00 00:00:00', '0000-00-00 00:00:00'),
(1039, '21261', '0000-00-00 00:00:00', '0000-00-00 00:00:00'),
(1040, '21270', '0000-00-00 00:00:00', '0000-00-00 00:00:00'),
(1041, '21300', '0000-00-00 00:00:00', '0000-00-00 00:00:00'),
(1042, '21300', '0000-00-00 00:00:00', '0000-00-00 00:00:00'),
(1043, '21300', '0000-00-00 00:00:00', '0000-00-00 00:00:00'),
(1044, '21300', '0000-00-00 00:00:00', '0000-00-00 00:00:00'),
(1045, '21300', '0000-00-00 00:00:00', '0000-00-00 00:00:00'),
(1046, '21300', '0000-00-00 00:00:00', '0000-00-00 00:00:00'),
(1047, '21300', '0000-00-00 00:00:00', '0000-00-00 00:00:00'),
(1048, '21300', '0000-00-00 00:00:00', '0000-00-00 00:00:00'),
(1049, '21301', '0000-00-00 00:00:00', '0000-00-00 00:00:00'),
(1050, '21301', '0000-00-00 00:00:00', '0000-00-00 00:00:00'),
(1051, '21301', '0000-00-00 00:00:00', '0000-00-00 00:00:00'),
(1052, '21301', '0000-00-00 00:00:00', '0000-00-00 00:00:00'),
(1053, '21301', '0000-00-00 00:00:00', '0000-00-00 00:00:00'),
(1054, '21301', '0000-00-00 00:00:00', '0000-00-00 00:00:00'),
(1055, '21301', '0000-00-00 00:00:00', '0000-00-00 00:00:00'),
(1056, '21301', '0000-00-00 00:00:00', '0000-00-00 00:00:00'),
(1057, '21301', '0000-00-00 00:00:00', '0000-00-00 00:00:00'),
(1058, '21301', '0000-00-00 00:00:00', '0000-00-00 00:00:00'),
(1059, '21301', '0000-00-00 00:00:00', '0000-00-00 00:00:00'),
(1060, '21301', '0000-00-00 00:00:00', '0000-00-00 00:00:00'),
(1061, '21301', '0000-00-00 00:00:00', '0000-00-00 00:00:00'),
(1062, '21301', '0000-00-00 00:00:00', '0000-00-00 00:00:00'),
(1063, '21301', '0000-00-00 00:00:00', '0000-00-00 00:00:00'),
(1064, '21301', '0000-00-00 00:00:00', '0000-00-00 00:00:00'),
(1065, '21301', '0000-00-00 00:00:00', '0000-00-00 00:00:00'),
(1066, '21301', '0000-00-00 00:00:00', '0000-00-00 00:00:00'),
(1067, '21301', '0000-00-00 00:00:00', '0000-00-00 00:00:00'),
(1068, '21301', '0000-00-00 00:00:00', '0000-00-00 00:00:00'),
(1069, '21301', '0000-00-00 00:00:00', '0000-00-00 00:00:00'),
(1070, '21301', '0000-00-00 00:00:00', '0000-00-00 00:00:00'),
(1071, '21301', '0000-00-00 00:00:00', '0000-00-00 00:00:00'),
(1072, '21301', '0000-00-00 00:00:00', '0000-00-00 00:00:00'),
(1073, '21330', '0000-00-00 00:00:00', '0000-00-00 00:00:00'),
(1074, '21331', '0000-00-00 00:00:00', '0000-00-00 00:00:00'),
(1075, '21331', '0000-00-00 00:00:00', '0000-00-00 00:00:00'),
(1076, '21331', '0000-00-00 00:00:00', '0000-00-00 00:00:00'),
(1077, '21331', '0000-00-00 00:00:00', '0000-00-00 00:00:00'),
(1078, '21340', '0000-00-00 00:00:00', '0000-00-00 00:00:00'),
(1079, '21341', '0000-00-00 00:00:00', '0000-00-00 00:00:00'),
(1080, '21341', '0000-00-00 00:00:00', '0000-00-00 00:00:00'),
(1081, '21341', '0000-00-00 00:00:00', '0000-00-00 00:00:00'),
(1082, '21341', '0000-00-00 00:00:00', '0000-00-00 00:00:00'),
(1083, '21350', '0000-00-00 00:00:00', '0000-00-00 00:00:00'),
(1084, '21351', '0000-00-00 00:00:00', '0000-00-00 00:00:00'),
(1085, '21351', '0000-00-00 00:00:00', '0000-00-00 00:00:00'),
(1086, '21351', '0000-00-00 00:00:00', '0000-00-00 00:00:00'),
(1087, '21351', '0000-00-00 00:00:00', '0000-00-00 00:00:00'),
(1088, '21351', '0000-00-00 00:00:00', '0000-00-00 00:00:00'),
(1089, '21351', '0000-00-00 00:00:00', '0000-00-00 00:00:00'),
(1090, '21351', '0000-00-00 00:00:00', '0000-00-00 00:00:00'),
(1091, '21360', '0000-00-00 00:00:00', '0000-00-00 00:00:00'),
(1092, '21361', '0000-00-00 00:00:00', '0000-00-00 00:00:00'),
(1093, '21361', '0000-00-00 00:00:00', '0000-00-00 00:00:00'),
(1094, '21361', '0000-00-00 00:00:00', '0000-00-00 00:00:00'),
(1095, '21370', '0000-00-00 00:00:00', '0000-00-00 00:00:00'),
(1096, '21371', '0000-00-00 00:00:00', '0000-00-00 00:00:00'),
(1097, '21371', '0000-00-00 00:00:00', '0000-00-00 00:00:00'),
(1098, '21371', '0000-00-00 00:00:00', '0000-00-00 00:00:00'),
(1099, '21371', '0000-00-00 00:00:00', '0000-00-00 00:00:00'),
(1100, '21380', '0000-00-00 00:00:00', '0000-00-00 00:00:00'),
(1101, '21381', '0000-00-00 00:00:00', '0000-00-00 00:00:00'),
(1102, '21381', '0000-00-00 00:00:00', '0000-00-00 00:00:00'),
(1103, '21381', '0000-00-00 00:00:00', '0000-00-00 00:00:00'),
(1104, '21390', '0000-00-00 00:00:00', '0000-00-00 00:00:00'),
(1105, '21391', '0000-00-00 00:00:00', '0000-00-00 00:00:00'),
(1106, '21391', '0000-00-00 00:00:00', '0000-00-00 00:00:00'),
(1107, '21391', '0000-00-00 00:00:00', '0000-00-00 00:00:00'),
(1108, '21391', '0000-00-00 00:00:00', '0000-00-00 00:00:00'),
(1109, '21391', '0000-00-00 00:00:00', '0000-00-00 00:00:00'),
(1110, '21391', '0000-00-00 00:00:00', '0000-00-00 00:00:00'),
(1111, '21391', '0000-00-00 00:00:00', '0000-00-00 00:00:00'),
(1112, '21391', '0000-00-00 00:00:00', '0000-00-00 00:00:00'),
(1113, '21400', '0000-00-00 00:00:00', '0000-00-00 00:00:00'),
(1114, '21401', '0000-00-00 00:00:00', '0000-00-00 00:00:00'),
(1115, '21401', '0000-00-00 00:00:00', '0000-00-00 00:00:00'),
(1116, '21401', '0000-00-00 00:00:00', '0000-00-00 00:00:00'),
(1117, '21401', '0000-00-00 00:00:00', '0000-00-00 00:00:00'),
(1118, '21401', '0000-00-00 00:00:00', '0000-00-00 00:00:00'),
(1119, '21401', '0000-00-00 00:00:00', '0000-00-00 00:00:00'),
(1120, '21401', '0000-00-00 00:00:00', '0000-00-00 00:00:00'),
(1121, '21401', '0000-00-00 00:00:00', '0000-00-00 00:00:00'),
(1122, '21401', '0000-00-00 00:00:00', '0000-00-00 00:00:00'),
(1123, '21401', '0000-00-00 00:00:00', '0000-00-00 00:00:00'),
(1124, '21401', '0000-00-00 00:00:00', '0000-00-00 00:00:00'),
(1125, '21401', '0000-00-00 00:00:00', '0000-00-00 00:00:00'),
(1126, '21401', '0000-00-00 00:00:00', '0000-00-00 00:00:00'),
(1127, '21410', '0000-00-00 00:00:00', '0000-00-00 00:00:00'),
(1128, '44000', '2020-12-21 03:06:10', '2020-12-21 12:16:28'),
(1129, '46000', '2020-12-21 03:06:28', '2020-12-21 12:19:41');

-- --------------------------------------------------------

--
-- Table structure for table `products`
--

CREATE TABLE `products` (
  `id` bigint(20) UNSIGNED NOT NULL,
  `category_id` int(11) NOT NULL,
  `section_id` int(11) NOT NULL,
  `brand_id` int(11) NOT NULL,
  `product_name` varchar(255) COLLATE utf8mb4_unicode_ci NOT NULL,
  `product_code` varchar(255) COLLATE utf8mb4_unicode_ci NOT NULL,
  `product_color` varchar(255) COLLATE utf8mb4_unicode_ci NOT NULL,
  `group_code` varchar(255) COLLATE utf8mb4_unicode_ci NOT NULL,
  `product_price` varchar(255) COLLATE utf8mb4_unicode_ci NOT NULL,
  `product_discount` varchar(255) COLLATE utf8mb4_unicode_ci NOT NULL,
  `product_weight` varchar(255) COLLATE utf8mb4_unicode_ci NOT NULL,
  `product_video` varchar(255) COLLATE utf8mb4_unicode_ci NOT NULL,
  `main_image` varchar(255) COLLATE utf8mb4_unicode_ci NOT NULL,
  `description` varchar(255) COLLATE utf8mb4_unicode_ci NOT NULL,
  `wash_care` varchar(255) COLLATE utf8mb4_unicode_ci NOT NULL,
  `fabric` varchar(255) COLLATE utf8mb4_unicode_ci NOT NULL,
  `pattern` varchar(255) COLLATE utf8mb4_unicode_ci NOT NULL,
  `sleeve` varchar(255) COLLATE utf8mb4_unicode_ci NOT NULL,
  `fit` varchar(255) COLLATE utf8mb4_unicode_ci NOT NULL,
  `occassion` varchar(255) COLLATE utf8mb4_unicode_ci NOT NULL,
  `meta_title` varchar(255) COLLATE utf8mb4_unicode_ci NOT NULL,
  `meta_description` varchar(255) COLLATE utf8mb4_unicode_ci NOT NULL,
  `meta_keywords` varchar(255) COLLATE utf8mb4_unicode_ci NOT NULL,
  `is_featured` enum('Yes','No') COLLATE utf8mb4_unicode_ci NOT NULL,
  `status` tinyint(4) NOT NULL,
  `created_at` timestamp NULL DEFAULT NULL,
  `updated_at` timestamp NULL DEFAULT NULL
) ENGINE=InnoDB DEFAULT CHARSET=utf8mb4 COLLATE=utf8mb4_unicode_ci;

--
-- Dumping data for table `products`
--

INSERT INTO `products` (`id`, `category_id`, `section_id`, `brand_id`, `product_name`, `product_code`, `product_color`, `group_code`, `product_price`, `product_discount`, `product_weight`, `product_video`, `main_image`, `description`, `wash_care`, `fabric`, `pattern`, `sleeve`, `fit`, `occassion`, `meta_title`, `meta_description`, `meta_keywords`, `is_featured`, `status`, `created_at`, `updated_at`) VALUES
(1, 4, 1, 2, 'Black Casual T-shirt', 'Bl-01', 'black', '', '1000', '', '200', '', 'tate-logo-black--tshirt-back-g1086.jpg-70475.jpg', '', '', '', '', '', '', '', '', '', '', 'Yes', 1, NULL, '2021-08-15 18:26:23'),
(2, 4, 1, 1, 'Grey Casual T-shirt', 'Bl-02', 'grey', '', '2000', '20', '220', '', 'autism-t-shirt-autism-awareness-seeing-the-world-from-different-angles-cute-tees-gift-shirts-customcat-2518802038873_1024x.jpg-41192.jpg', 'Product Description', 'Hand Wash', 'Wool', 'Printed', 'Full Sleeve', 'Slim', '', '', '', '', 'Yes', 1, NULL, '2021-08-15 19:16:32'),
(3, 4, 1, 1, 'Black Casual T-shirts', 'Bl-01', 'Black', '', '1000', '20', '200', '', '634485-0320.jpg-50968.jpg', 'Product Description', 'Machine Wash', 'Polyester', 'Plain', 'Half Sleeve', 'Regular', '', '', '', '', 'Yes', 1, '2020-12-17 15:01:20', '2020-12-26 03:08:24'),
(5, 7, 2, 1, 'Pakistani Girls dress', 'PK-1-02', 'silver', '', '3000', '', '700', 'SampleVideo_640x360_1mb.mp4-14547023.mp4', 'download.jpg-99298.jpg', '', 'Machine Wash', '', '', '', '', '', '', '', '', 'Yes', 1, '2020-12-17 15:14:55', '2021-08-07 06:44:19'),
(6, 4, 1, 2, 'White T-shirt', 'WH-02', 'white', '', '1000', '30', '300', '', 'f0trevor_f_White.jpg-39138.jpg', 'Beautiful slim white shirt', 'Machine Wash', 'Wool', 'Printed', 'Half Sleeve', 'Slim', '', '', '', '', 'Yes', 0, '2020-12-17 15:58:41', '2021-08-15 19:11:44'),
(7, 4, 1, 2, 'White T-shirt Printed', 'Wh-011', 'white', '', '3000', '5', '200', 'file_example_MP4_480_1_5MG.mp4-555802569.mp4', 'Winging-Life-Winging-It-Care-Free-Attitude-Nonchalant-Shirt.jpg-59836.jpg', 'Product Description', 'Machine Wash', 'Polyester', 'Printed', 'Half Sleeve', 'Regular', '', 'Printed Casual T-shirts', 'Meta Description', 'Meta Keywords', 'Yes', 1, '2020-12-17 16:18:26', '2021-08-15 18:57:16'),
(8, 5, 1, 1, 'Grey T-shirt', 'Gr-01', 'grey', '', '2000', '15', '200', '', 'images (1).jpg-78151.jpg', 'Description', 'Machine Wash', 'Polyester', 'Checked', 'Half Sleeve', 'Slim', '', 'title', 'Description', 'keywords', 'Yes', 1, '2020-12-17 17:56:45', '2020-12-26 03:13:08'),
(11, 15, 3, 8, 'Boys p-wire suit', 'BPS-1', 'black', '300', '2000', '5', '300', '', '41LnBeSrN2S.jpg-42441.jpg', 'This product has the touch of western as well as eastern fashion', 'Washable', 'Wool', 'Plain', 'Half Sleeve', 'Regular', '', 'P-wire kids Boys dress', 'This product has the touch of western as well as eastern fashion', 'kids dresses, kids boys dresses, kids dresses', 'Yes', 1, '2021-08-16 17:51:44', '2021-08-17 02:52:12'),
(12, 15, 3, 8, 'Boys P-WIRE suitS', 'BPS-2', 'grey', '300', '2000', '5', '300', '', '51iGrfuERIL.jpg-26988.jpg', 'This product has the touch of western as well as eastern fashion', 'Washable', 'Wool', 'Plain', 'Half Sleeve', 'Regular', '', 'Boys P-WIRE suitS', 'This product has the touch of western as well as eastern fashion', 'Boys P-WIRE suitS, boys kids dresses, kids dresses', 'Yes', 1, '2021-08-16 17:54:50', '2021-08-17 02:52:30'),
(13, 14, 3, 8, 'Girls  P-WIRE suitS', 'GPSP-1', 'Maroon', '400', '3000', '2', '400', '', '1620832080263_0..webp-91151.webp', 'Girls  P-WIRE suitS are the best asian dresses having every type of dresses', 'Not washable wash with hankds', 'Polyester', 'Self', 'Half Sleeve', 'Regular', '', 'Girls  P-WIRE suitS', 'Girls  P-WIRE suitS are the best asian dresses having every type of dresses', 'pwire girls kids dresses, kids dresses', 'Yes', 1, '2021-08-16 18:05:35', '2021-08-17 02:52:51'),
(14, 14, 3, 8, 'Girls  P-WIRE suit', 'GPSG-2', 'violet', '400', '3500', '5', '500', '', 'a0c57e6f7c426b0f35dec00f32938225.jpg-30734.jpg', 'Girls  P-WIRE suitS are the best asian dresses having every type of dresses', 'Washable', 'Polyester', 'Self', 'Half Sleeve', 'Slim', '', 'Girls  P-WIRE suit', 'Girls  P-WIRE suitS are the best asian dresses having every type of dresses', 'Girls  P-WIRE suit, kids girls dresses, kids dresses', 'Yes', 1, '2021-08-16 18:08:50', '2021-08-17 02:53:08'),
(15, 14, 3, 8, 'Girls  P-WIRE dress white light pinkish', 'GPSP-4', 'fuchsia', '400', '3500', '', '700', '', 'images.jpg-48361.jpg', 'lorem ipsum  lorem ipsum  lorem ipsum  lorem ipsum  lorem ipsum  lorem ipsum  lorem ipsum  lorem ipsum', 'wash with hands', 'Polyester', 'Self', 'Half Sleeve', 'Slim', '', 'Girls  P-WIRE dress white light pinkish', 'lorem ipsum  lorem ipsum  lorem ipsum  lorem ipsum  lorem ipsum  lorem ipsum  lorem ipsum  lorem ipsum', 'Girls  P-WIRE dress white light pinkish, kids girls dress, kids dress', 'No', 1, '2021-08-17 03:02:57', '2021-08-17 03:07:19');

-- --------------------------------------------------------

--
-- Table structure for table `products_attributes`
--

CREATE TABLE `products_attributes` (
  `id` bigint(20) UNSIGNED NOT NULL,
  `product_id` int(11) NOT NULL,
  `size` varchar(255) COLLATE utf8mb4_unicode_ci NOT NULL,
  `price` double(8,2) NOT NULL,
  `stock` int(11) NOT NULL,
  `sku` varchar(255) COLLATE utf8mb4_unicode_ci NOT NULL,
  `status` tinyint(4) NOT NULL,
  `created_at` timestamp NULL DEFAULT NULL,
  `updated_at` timestamp NULL DEFAULT NULL
) ENGINE=InnoDB DEFAULT CHARSET=utf8mb4 COLLATE=utf8mb4_unicode_ci;

--
-- Dumping data for table `products_attributes`
--

INSERT INTO `products_attributes` (`id`, `product_id`, `size`, `price`, `stock`, `sku`, `status`, `created_at`, `updated_at`) VALUES
(1, 8, 'L', 1500.00, 5, 'sku-gr-01', 1, '2020-12-20 23:59:35', '2020-12-26 03:54:52'),
(2, 8, 'M', 2300.00, 10, 'sku-gr-02', 1, '2020-12-21 00:01:14', '2020-12-26 03:54:52'),
(3, 8, 'S', 2000.00, 15, 'sku-gr-03', 1, '2020-12-21 00:08:00', '2020-12-26 03:54:52'),
(4, 8, 'L', 2500.00, 20, 'sku-gr-04', 1, '2020-12-21 00:08:00', '2020-12-26 03:54:52'),
(5, 6, 'L', 1500.00, 30, 'sk-wh-01', 1, '2020-12-21 03:49:31', '2020-12-26 03:57:37'),
(6, 6, 'M', 1200.00, 15, 'sk-wh-02', 1, '2020-12-21 03:50:50', '2020-12-26 03:57:37'),
(7, 6, 'S', 1000.00, 15, 'sk-wh-03', 1, '2020-12-21 03:50:51', '2020-12-26 03:57:37'),
(9, 1, 'L', 1600.00, 28, 'bl-cd--1', 1, '2020-12-26 03:06:52', '2021-08-15 19:01:34'),
(10, 1, 'M', 1300.00, 18, 'bl-cd--2', 1, '2020-12-26 03:06:52', '2021-08-15 19:07:21'),
(11, 1, 'S', 1000.00, 20, 'bl-cd--3', 1, '2020-12-26 03:06:52', '2021-08-15 19:01:34'),
(12, 5, 'L', 5000.00, 30, 'sil-cd--1', 1, '2020-12-26 03:10:31', '2020-12-26 03:10:31'),
(13, 5, 'M', 4000.00, 30, 'sil-cd--2', 1, '2020-12-26 03:10:31', '2020-12-26 03:10:31'),
(14, 5, 'S', 3000.00, 20, 'sil-cd--3', 1, '2020-12-26 03:11:29', '2020-12-26 03:11:29'),
(15, 7, 'L', 3500.00, 30, 'wh-cd-001', 1, '2020-12-26 03:56:46', '2020-12-26 03:56:46'),
(16, 7, 'M', 3200.00, 20, 'wh-cd-002', 1, '2020-12-26 03:56:46', '2020-12-26 03:56:46'),
(17, 7, 'S', 3000.00, 20, 'wh-cd-003', 1, '2020-12-26 03:56:46', '2020-12-26 03:56:46'),
(18, 3, 'L', 800.00, 9, 'Bl-01', 1, '2021-08-07 04:46:58', '2021-08-15 19:07:21'),
(19, 3, 'M', 700.00, 10, 'Bl-02', 1, '2021-08-07 04:46:58', '2021-08-07 04:46:58'),
(20, 3, 'S', 650.00, 10, 'Bl-03', 1, '2021-08-07 04:46:58', '2021-08-07 04:46:58'),
(23, 2, 'L', 1600.00, 10, 'GRC-1', 1, '2021-08-15 19:02:55', '2021-08-15 20:12:44'),
(26, 2, 'M', 1500.00, 8, 'GRC-2', 1, '2021-08-15 20:38:10', '2021-08-15 20:38:15'),
(27, 11, 'S', 2000.00, 25, 'BPSC-1', 1, '2021-08-16 17:56:08', '2021-08-16 17:56:08'),
(28, 11, 'XS', 1500.00, 25, 'BPSC-2', 1, '2021-08-16 17:56:08', '2021-08-16 17:56:08'),
(29, 12, 'S', 2500.00, 30, 'GPSK-1', 1, '2021-08-16 17:57:28', '2021-08-16 17:57:28'),
(30, 12, 'XS', 2500.00, 30, 'GPSK-2', 1, '2021-08-16 17:57:28', '2021-08-16 17:57:28'),
(31, 15, 'S', 3500.00, 18, 'FG-1', 1, '2021-08-17 03:33:04', '2021-08-17 04:21:18'),
(32, 15, 'XS', 3000.00, 30, 'FG-2', 1, '2021-08-17 03:33:04', '2021-08-17 03:33:04');

-- --------------------------------------------------------

--
-- Table structure for table `products_images`
--

CREATE TABLE `products_images` (
  `id` bigint(20) UNSIGNED NOT NULL,
  `product_id` int(11) NOT NULL,
  `image` varchar(255) COLLATE utf8mb4_unicode_ci NOT NULL,
  `status` tinyint(4) NOT NULL,
  `created_at` timestamp NULL DEFAULT NULL,
  `updated_at` timestamp NULL DEFAULT NULL
) ENGINE=InnoDB DEFAULT CHARSET=utf8mb4 COLLATE=utf8mb4_unicode_ci;

--
-- Dumping data for table `products_images`
--

INSERT INTO `products_images` (`id`, `product_id`, `image`, `status`, `created_at`, `updated_at`) VALUES
(6, 6, '7191091608557587.jpg', 1, '2020-12-21 08:33:08', '2020-12-21 08:33:28'),
(7, 6, '9750311608557588.jpg', 1, '2020-12-21 08:33:08', '2020-12-21 08:33:30'),
(8, 1, '9832901608970063.jpg', 0, '2020-12-26 03:07:43', '2020-12-26 03:07:43');

-- --------------------------------------------------------

--
-- Table structure for table `sections`
--

CREATE TABLE `sections` (
  `id` bigint(20) UNSIGNED NOT NULL,
  `name` varchar(255) COLLATE utf8mb4_unicode_ci NOT NULL,
  `status` tinyint(4) NOT NULL,
  `created_at` timestamp NULL DEFAULT NULL,
  `updated_at` timestamp NULL DEFAULT NULL
) ENGINE=InnoDB DEFAULT CHARSET=utf8mb4 COLLATE=utf8mb4_unicode_ci;

--
-- Dumping data for table `sections`
--

INSERT INTO `sections` (`id`, `name`, `status`, `created_at`, `updated_at`) VALUES
(1, 'Men', 1, NULL, '2020-12-21 13:46:25'),
(2, 'Women', 1, NULL, '2020-12-21 13:42:26'),
(3, 'Kids', 1, NULL, '2020-12-22 05:53:58');

-- --------------------------------------------------------

--
-- Table structure for table `shipping_charges`
--

CREATE TABLE `shipping_charges` (
  `id` bigint(20) UNSIGNED NOT NULL,
  `country` varchar(255) COLLATE utf8mb4_unicode_ci NOT NULL,
  `0_500g` double(8,2) NOT NULL,
  `501_1000g` double(8,2) NOT NULL,
  `1001_2000g` double(8,2) NOT NULL,
  `2001_5000g` double(8,2) NOT NULL,
  `above_5000g` double(8,2) NOT NULL,
  `status` tinyint(4) NOT NULL,
  `created_at` timestamp NULL DEFAULT NULL,
  `updated_at` timestamp NULL DEFAULT NULL
) ENGINE=InnoDB DEFAULT CHARSET=utf8mb4 COLLATE=utf8mb4_unicode_ci;

--
-- Dumping data for table `shipping_charges`
--

INSERT INTO `shipping_charges` (`id`, `country`, `0_500g`, `501_1000g`, `1001_2000g`, `2001_5000g`, `above_5000g`, `status`, `created_at`, `updated_at`) VALUES
(1, 'Afghanistan', 100.00, 200.00, 300.00, 400.00, 500.00, 1, '2021-08-05 07:00:00', '2021-08-07 06:34:28'),
(2, 'Albania', 0.00, 0.00, 0.00, 0.00, 0.00, 1, '2021-08-05 07:00:00', '2021-08-05 07:00:00'),
(3, 'Algeria', 0.00, 0.00, 0.00, 0.00, 0.00, 1, '2021-08-05 07:00:00', '2021-08-06 01:43:04'),
(4, 'American Samoa', 0.00, 0.00, 0.00, 0.00, 0.00, 1, '2021-08-05 07:00:00', '2021-08-05 07:00:00'),
(5, 'Andorra', 0.00, 0.00, 0.00, 0.00, 0.00, 1, '2021-08-05 07:00:00', '2021-08-05 07:00:00'),
(6, 'Angola', 0.00, 0.00, 0.00, 0.00, 0.00, 1, '2021-08-05 07:00:00', '2021-08-05 07:00:00'),
(7, 'Anguilla', 0.00, 0.00, 0.00, 0.00, 0.00, 1, '2021-08-05 07:00:00', '2021-08-05 07:00:00'),
(8, 'Antarctica', 0.00, 0.00, 0.00, 0.00, 0.00, 1, '2021-08-05 07:00:00', '2021-08-05 07:00:00'),
(9, 'Antigua and Barbuda', 0.00, 0.00, 0.00, 0.00, 0.00, 1, '2021-08-05 07:00:00', '2021-08-05 07:00:00'),
(10, 'Argentina', 0.00, 0.00, 0.00, 0.00, 0.00, 1, '2021-08-05 07:00:00', '2021-08-05 07:00:00'),
(11, 'Armenia', 0.00, 0.00, 0.00, 0.00, 0.00, 1, '2021-08-05 07:00:00', '2021-08-05 07:00:00'),
(12, 'Aruba', 0.00, 0.00, 0.00, 0.00, 0.00, 1, '2021-08-05 07:00:00', '2021-08-05 07:00:00'),
(13, 'Australia', 0.00, 0.00, 0.00, 0.00, 0.00, 1, '2021-08-05 07:00:00', '2021-08-05 07:00:00'),
(14, 'Austria', 0.00, 0.00, 0.00, 0.00, 0.00, 1, '2021-08-05 07:00:00', '2021-08-05 07:00:00'),
(15, 'Azerbaijan', 0.00, 0.00, 0.00, 0.00, 0.00, 1, '2021-08-05 07:00:00', '2021-08-05 07:00:00'),
(16, 'Bahamas', 0.00, 0.00, 0.00, 0.00, 0.00, 1, '2021-08-05 07:00:00', '2021-08-05 07:00:00'),
(17, 'Bahrain', 0.00, 0.00, 0.00, 0.00, 0.00, 1, '2021-08-05 07:00:00', '2021-08-05 07:00:00'),
(18, 'Bangladesh', 0.00, 0.00, 0.00, 0.00, 0.00, 1, '2021-08-05 07:00:00', '2021-08-05 07:00:00'),
(19, 'Barbados', 0.00, 0.00, 0.00, 0.00, 0.00, 1, '2021-08-05 07:00:00', '2021-08-05 07:00:00'),
(20, 'Belarus', 0.00, 0.00, 0.00, 0.00, 0.00, 1, '2021-08-05 07:00:00', '2021-08-05 07:00:00'),
(21, 'Belgium', 0.00, 0.00, 0.00, 0.00, 0.00, 1, '2021-08-05 07:00:00', '2021-08-05 07:00:00'),
(22, 'Belize', 0.00, 0.00, 0.00, 0.00, 0.00, 1, '2021-08-05 07:00:00', '2021-08-05 07:00:00'),
(23, 'Benin', 0.00, 0.00, 0.00, 0.00, 0.00, 1, '2021-08-05 07:00:00', '2021-08-05 07:00:00'),
(24, 'Bermuda', 0.00, 0.00, 0.00, 0.00, 0.00, 1, '2021-08-05 07:00:00', '2021-08-05 07:00:00'),
(25, 'Bhutan', 0.00, 0.00, 0.00, 0.00, 0.00, 1, '2021-08-05 07:00:00', '2021-08-05 07:00:00'),
(26, 'Bolivia', 0.00, 0.00, 0.00, 0.00, 0.00, 1, '2021-08-05 07:00:00', '2021-08-05 07:00:00'),
(27, 'Bosnia and Herzegovina', 0.00, 0.00, 0.00, 0.00, 0.00, 1, '2021-08-05 07:00:00', '2021-08-05 07:00:00'),
(28, 'Botswana', 0.00, 0.00, 0.00, 0.00, 0.00, 1, '2021-08-05 07:00:00', '2021-08-05 07:00:00'),
(29, 'Bouvet Island', 0.00, 0.00, 0.00, 0.00, 0.00, 1, '2021-08-05 07:00:00', '2021-08-05 07:00:00'),
(30, 'Brazil', 0.00, 0.00, 0.00, 0.00, 0.00, 1, '2021-08-05 07:00:00', '2021-08-05 07:00:00'),
(31, 'British Indian Ocean Territory', 0.00, 0.00, 0.00, 0.00, 0.00, 1, '2021-08-05 07:00:00', '2021-08-05 07:00:00'),
(32, 'Brunei Darussalam', 0.00, 0.00, 0.00, 0.00, 0.00, 1, '2021-08-05 07:00:00', '2021-08-05 07:00:00'),
(33, 'Bulgaria', 0.00, 0.00, 0.00, 0.00, 0.00, 1, '2021-08-05 07:00:00', '2021-08-05 07:00:00'),
(34, 'Burkina Faso', 0.00, 0.00, 0.00, 0.00, 0.00, 1, '2021-08-05 07:00:00', '2021-08-05 07:00:00'),
(35, 'Burundi', 0.00, 0.00, 0.00, 0.00, 0.00, 1, '2021-08-05 07:00:00', '2021-08-05 07:00:00'),
(36, 'Cambodia', 0.00, 0.00, 0.00, 0.00, 0.00, 1, '2021-08-05 07:00:00', '2021-08-05 07:00:00'),
(37, 'Cameroon', 0.00, 0.00, 0.00, 0.00, 0.00, 1, '2021-08-05 07:00:00', '2021-08-05 07:00:00'),
(38, 'Canada', 0.00, 0.00, 0.00, 0.00, 0.00, 1, '2021-08-05 07:00:00', '2021-08-05 07:00:00'),
(39, 'Cape Verde', 0.00, 0.00, 0.00, 0.00, 0.00, 1, '2021-08-05 07:00:00', '2021-08-05 07:00:00'),
(40, 'Cayman Islands', 0.00, 0.00, 0.00, 0.00, 0.00, 1, '2021-08-05 07:00:00', '2021-08-05 07:00:00'),
(41, 'Central African Republic', 0.00, 0.00, 0.00, 0.00, 0.00, 1, '2021-08-05 07:00:00', '2021-08-05 07:00:00'),
(42, 'Chad', 0.00, 0.00, 0.00, 0.00, 0.00, 1, '2021-08-05 07:00:00', '2021-08-05 07:00:00'),
(43, 'Chile', 0.00, 0.00, 0.00, 0.00, 0.00, 1, '2021-08-05 07:00:00', '2021-08-05 07:00:00'),
(44, 'China', 0.00, 0.00, 0.00, 0.00, 0.00, 1, '2021-08-05 07:00:00', '2021-08-05 07:00:00'),
(45, 'Christmas Island', 0.00, 0.00, 0.00, 0.00, 0.00, 1, '2021-08-05 07:00:00', '2021-08-05 07:00:00'),
(46, 'Cocos (Keeling) Islands', 0.00, 0.00, 0.00, 0.00, 0.00, 1, '2021-08-05 07:00:00', '2021-08-05 07:00:00'),
(47, 'Colombia', 0.00, 0.00, 0.00, 0.00, 0.00, 1, '2021-08-05 07:00:00', '2021-08-05 07:00:00'),
(48, 'Comoros', 0.00, 0.00, 0.00, 0.00, 0.00, 1, '2021-08-05 07:00:00', '2021-08-05 07:00:00'),
(49, 'Democratic Republic of the Congo', 0.00, 0.00, 0.00, 0.00, 0.00, 1, '2021-08-05 07:00:00', '2021-08-05 07:00:00'),
(50, 'Republic of Congo', 0.00, 0.00, 0.00, 0.00, 0.00, 1, '2021-08-05 07:00:00', '2021-08-05 07:00:00'),
(51, 'Cook Islands', 0.00, 0.00, 0.00, 0.00, 0.00, 1, '2021-08-05 07:00:00', '2021-08-05 07:00:00'),
(52, 'Costa Rica', 0.00, 0.00, 0.00, 0.00, 0.00, 1, '2021-08-05 07:00:00', '2021-08-05 07:00:00'),
(53, 'Croatia (Hrvatska)', 0.00, 0.00, 0.00, 0.00, 0.00, 1, '2021-08-05 07:00:00', '2021-08-05 07:00:00'),
(54, 'Cuba', 0.00, 0.00, 0.00, 0.00, 0.00, 1, '2021-08-05 07:00:00', '2021-08-05 07:00:00'),
(55, 'Cyprus', 0.00, 0.00, 0.00, 0.00, 0.00, 1, '2021-08-05 07:00:00', '2021-08-05 07:00:00'),
(56, 'Czech Republic', 0.00, 0.00, 0.00, 0.00, 0.00, 1, '2021-08-05 07:00:00', '2021-08-05 07:00:00'),
(57, 'Denmark', 0.00, 0.00, 0.00, 0.00, 0.00, 1, '2021-08-05 07:00:00', '2021-08-05 07:00:00'),
(58, 'Djibouti', 0.00, 0.00, 0.00, 0.00, 0.00, 1, '2021-08-05 07:00:00', '2021-08-05 07:00:00'),
(59, 'Dominica', 0.00, 0.00, 0.00, 0.00, 0.00, 1, '2021-08-05 07:00:00', '2021-08-05 07:00:00'),
(60, 'Dominican Republic', 0.00, 0.00, 0.00, 0.00, 0.00, 1, '2021-08-05 07:00:00', '2021-08-05 07:00:00'),
(61, 'East Timor', 0.00, 0.00, 0.00, 0.00, 0.00, 1, '2021-08-05 07:00:00', '2021-08-05 07:00:00'),
(62, 'Ecuador', 0.00, 0.00, 0.00, 0.00, 0.00, 1, '2021-08-05 07:00:00', '2021-08-05 07:00:00'),
(63, 'Egypt', 0.00, 0.00, 0.00, 0.00, 0.00, 1, '2021-08-05 07:00:00', '2021-08-05 07:00:00'),
(64, 'El Salvador', 0.00, 0.00, 0.00, 0.00, 0.00, 1, '2021-08-05 07:00:00', '2021-08-05 07:00:00'),
(65, 'Equatorial Guinea', 0.00, 0.00, 0.00, 0.00, 0.00, 1, '2021-08-05 07:00:00', '2021-08-05 07:00:00'),
(66, 'Eritrea', 0.00, 0.00, 0.00, 0.00, 0.00, 1, '2021-08-05 07:00:00', '2021-08-05 07:00:00'),
(67, 'Estonia', 0.00, 0.00, 0.00, 0.00, 0.00, 1, '2021-08-05 07:00:00', '2021-08-05 07:00:00'),
(68, 'Ethiopia', 0.00, 0.00, 0.00, 0.00, 0.00, 1, '2021-08-05 07:00:00', '2021-08-05 07:00:00'),
(69, 'Falkland Islands (Malvinas)', 0.00, 0.00, 0.00, 0.00, 0.00, 1, '2021-08-05 07:00:00', '2021-08-05 07:00:00'),
(70, 'Faroe Islands', 0.00, 0.00, 0.00, 0.00, 0.00, 1, '2021-08-05 07:00:00', '2021-08-05 07:00:00'),
(71, 'Fiji', 0.00, 0.00, 0.00, 0.00, 0.00, 1, '2021-08-05 07:00:00', '2021-08-05 07:00:00'),
(72, 'Finland', 0.00, 0.00, 0.00, 0.00, 0.00, 1, '2021-08-05 07:00:00', '2021-08-05 07:00:00'),
(73, 'France', 0.00, 0.00, 0.00, 0.00, 0.00, 1, '2021-08-05 07:00:00', '2021-08-05 07:00:00'),
(74, 'France, Metropolitan', 0.00, 0.00, 0.00, 0.00, 0.00, 1, '2021-08-05 07:00:00', '2021-08-05 07:00:00'),
(75, 'French Guiana', 0.00, 0.00, 0.00, 0.00, 0.00, 1, '2021-08-05 07:00:00', '2021-08-05 07:00:00'),
(76, 'French Polynesia', 0.00, 0.00, 0.00, 0.00, 0.00, 1, '2021-08-05 07:00:00', '2021-08-05 07:00:00'),
(77, 'French Southern Territories', 0.00, 0.00, 0.00, 0.00, 0.00, 1, '2021-08-05 07:00:00', '2021-08-05 07:00:00'),
(78, 'Gabon', 0.00, 0.00, 0.00, 0.00, 0.00, 1, '2021-08-05 07:00:00', '2021-08-05 07:00:00'),
(79, 'Gambia', 0.00, 0.00, 0.00, 0.00, 0.00, 1, '2021-08-05 07:00:00', '2021-08-05 07:00:00'),
(80, 'Georgia', 0.00, 0.00, 0.00, 0.00, 0.00, 1, '2021-08-05 07:00:00', '2021-08-05 07:00:00'),
(81, 'Germany', 0.00, 0.00, 0.00, 0.00, 0.00, 1, '2021-08-05 07:00:00', '2021-08-05 07:00:00'),
(82, 'Ghana', 0.00, 0.00, 0.00, 0.00, 0.00, 1, '2021-08-05 07:00:00', '2021-08-05 07:00:00'),
(83, 'Gibraltar', 0.00, 0.00, 0.00, 0.00, 0.00, 1, '2021-08-05 07:00:00', '2021-08-05 07:00:00'),
(84, 'Guernsey', 0.00, 0.00, 0.00, 0.00, 0.00, 1, '2021-08-05 07:00:00', '2021-08-05 07:00:00'),
(85, 'Greece', 0.00, 0.00, 0.00, 0.00, 0.00, 1, '2021-08-05 07:00:00', '2021-08-05 07:00:00'),
(86, 'Greenland', 0.00, 0.00, 0.00, 0.00, 0.00, 1, '2021-08-05 07:00:00', '2021-08-05 07:00:00'),
(87, 'Grenada', 0.00, 0.00, 0.00, 0.00, 0.00, 1, '2021-08-05 07:00:00', '2021-08-05 07:00:00'),
(88, 'Guadeloupe', 0.00, 0.00, 0.00, 0.00, 0.00, 1, '2021-08-05 07:00:00', '2021-08-05 07:00:00'),
(89, 'Guam', 0.00, 0.00, 0.00, 0.00, 0.00, 1, '2021-08-05 07:00:00', '2021-08-05 07:00:00'),
(90, 'Guatemala', 0.00, 0.00, 0.00, 0.00, 0.00, 1, '2021-08-05 07:00:00', '2021-08-05 07:00:00'),
(91, 'Guinea', 0.00, 0.00, 0.00, 0.00, 0.00, 1, '2021-08-05 07:00:00', '2021-08-05 07:00:00'),
(92, 'Guinea-Bissau', 0.00, 0.00, 0.00, 0.00, 0.00, 1, '2021-08-05 07:00:00', '2021-08-05 07:00:00'),
(93, 'Guyana', 0.00, 0.00, 0.00, 0.00, 0.00, 1, '2021-08-05 07:00:00', '2021-08-05 07:00:00'),
(94, 'Haiti', 0.00, 0.00, 0.00, 0.00, 0.00, 1, '2021-08-05 07:00:00', '2021-08-05 07:00:00'),
(95, 'Heard and Mc Donald Islands', 0.00, 0.00, 0.00, 0.00, 0.00, 1, '2021-08-05 07:00:00', '2021-08-05 07:00:00'),
(96, 'Honduras', 0.00, 0.00, 0.00, 0.00, 0.00, 1, '2021-08-05 07:00:00', '2021-08-05 07:00:00'),
(97, 'Hong Kong', 0.00, 0.00, 0.00, 0.00, 0.00, 1, '2021-08-05 07:00:00', '2021-08-05 07:00:00'),
(98, 'Hungary', 0.00, 0.00, 0.00, 0.00, 0.00, 1, '2021-08-05 07:00:00', '2021-08-05 07:00:00'),
(99, 'Iceland', 0.00, 0.00, 0.00, 0.00, 0.00, 1, '2021-08-05 07:00:00', '2021-08-05 07:00:00'),
(100, 'India', 0.00, 0.00, 0.00, 0.00, 0.00, 1, '2021-08-05 07:00:00', '2021-08-05 07:00:00'),
(101, 'Isle of Man', 0.00, 0.00, 0.00, 0.00, 0.00, 1, '2021-08-05 07:00:00', '2021-08-05 07:00:00'),
(102, 'Indonesia', 0.00, 0.00, 0.00, 0.00, 0.00, 1, '2021-08-05 07:00:00', '2021-08-05 07:00:00'),
(103, 'Iran (Islamic Republic of)', 0.00, 0.00, 0.00, 0.00, 0.00, 1, '2021-08-05 07:00:00', '2021-08-05 07:00:00'),
(104, 'Iraq', 0.00, 0.00, 0.00, 0.00, 0.00, 1, '2021-08-05 07:00:00', '2021-08-05 07:00:00'),
(105, 'Ireland', 0.00, 0.00, 0.00, 0.00, 0.00, 1, '2021-08-05 07:00:00', '2021-08-05 07:00:00'),
(106, 'Israel', 0.00, 0.00, 0.00, 0.00, 0.00, 1, '2021-08-05 07:00:00', '2021-08-05 07:00:00'),
(107, 'Italy', 0.00, 0.00, 0.00, 0.00, 0.00, 1, '2021-08-05 07:00:00', '2021-08-05 07:00:00'),
(108, 'Ivory Coast', 0.00, 0.00, 0.00, 0.00, 0.00, 1, '2021-08-05 07:00:00', '2021-08-05 07:00:00'),
(109, 'Jersey', 0.00, 0.00, 0.00, 0.00, 0.00, 1, '2021-08-05 07:00:00', '2021-08-05 07:00:00'),
(110, 'Jamaica', 0.00, 0.00, 0.00, 0.00, 0.00, 1, '2021-08-05 07:00:00', '2021-08-05 07:00:00'),
(111, 'Japan', 0.00, 0.00, 0.00, 0.00, 0.00, 1, '2021-08-05 07:00:00', '2021-08-05 07:00:00'),
(112, 'Jordan', 0.00, 0.00, 0.00, 0.00, 0.00, 1, '2021-08-05 07:00:00', '2021-08-05 07:00:00'),
(113, 'Kazakhstan', 0.00, 0.00, 0.00, 0.00, 0.00, 1, '2021-08-05 07:00:00', '2021-08-05 07:00:00'),
(114, 'Kenya', 0.00, 0.00, 0.00, 0.00, 0.00, 1, '2021-08-05 07:00:00', '2021-08-05 07:00:00'),
(115, 'Kiribati', 0.00, 0.00, 0.00, 0.00, 0.00, 1, '2021-08-05 07:00:00', '2021-08-05 07:00:00'),
(116, 'Korea, Democratic People\'s Republic of', 0.00, 0.00, 0.00, 0.00, 0.00, 1, '2021-08-05 07:00:00', '2021-08-05 07:00:00'),
(117, 'Korea, Republic of', 0.00, 0.00, 0.00, 0.00, 0.00, 1, '2021-08-05 07:00:00', '2021-08-05 07:00:00'),
(118, 'Kosovo', 0.00, 0.00, 0.00, 0.00, 0.00, 1, '2021-08-05 07:00:00', '2021-08-05 07:00:00'),
(119, 'Kuwait', 0.00, 0.00, 0.00, 0.00, 0.00, 1, '2021-08-05 07:00:00', '2021-08-05 07:00:00'),
(120, 'Kyrgyzstan', 0.00, 0.00, 0.00, 0.00, 0.00, 1, '2021-08-05 07:00:00', '2021-08-05 07:00:00'),
(121, 'Lao People\'s Democratic Republic', 0.00, 0.00, 0.00, 0.00, 0.00, 1, '2021-08-05 07:00:00', '2021-08-05 07:00:00'),
(122, 'Latvia', 0.00, 0.00, 0.00, 0.00, 0.00, 1, '2021-08-05 07:00:00', '2021-08-05 07:00:00'),
(123, 'Lebanon', 0.00, 0.00, 0.00, 0.00, 0.00, 1, '2021-08-05 07:00:00', '2021-08-05 07:00:00'),
(124, 'Lesotho', 0.00, 0.00, 0.00, 0.00, 0.00, 1, '2021-08-05 07:00:00', '2021-08-05 07:00:00'),
(125, 'Liberia', 0.00, 0.00, 0.00, 0.00, 0.00, 1, '2021-08-05 07:00:00', '2021-08-05 07:00:00'),
(126, 'Libyan Arab Jamahiriya', 0.00, 0.00, 0.00, 0.00, 0.00, 1, '2021-08-05 07:00:00', '2021-08-05 07:00:00'),
(127, 'Liechtenstein', 0.00, 0.00, 0.00, 0.00, 0.00, 1, '2021-08-05 07:00:00', '2021-08-05 07:00:00'),
(128, 'Lithuania', 0.00, 0.00, 0.00, 0.00, 0.00, 1, '2021-08-05 07:00:00', '2021-08-05 07:00:00'),
(129, 'Luxembourg', 0.00, 0.00, 0.00, 0.00, 0.00, 1, '2021-08-05 07:00:00', '2021-08-05 07:00:00'),
(130, 'Macau', 0.00, 0.00, 0.00, 0.00, 0.00, 1, '2021-08-05 07:00:00', '2021-08-05 07:00:00'),
(131, 'North Macedonia', 0.00, 0.00, 0.00, 0.00, 0.00, 1, '2021-08-05 07:00:00', '2021-08-05 07:00:00'),
(132, 'Madagascar', 0.00, 0.00, 0.00, 0.00, 0.00, 1, '2021-08-05 07:00:00', '2021-08-05 07:00:00'),
(133, 'Malawi', 0.00, 0.00, 0.00, 0.00, 0.00, 1, '2021-08-05 07:00:00', '2021-08-05 07:00:00'),
(134, 'Malaysia', 0.00, 0.00, 0.00, 0.00, 0.00, 1, '2021-08-05 07:00:00', '2021-08-05 07:00:00'),
(135, 'Maldives', 0.00, 0.00, 0.00, 0.00, 0.00, 1, '2021-08-05 07:00:00', '2021-08-05 07:00:00'),
(136, 'Mali', 0.00, 0.00, 0.00, 0.00, 0.00, 1, '2021-08-05 07:00:00', '2021-08-05 07:00:00'),
(137, 'Malta', 0.00, 0.00, 0.00, 0.00, 0.00, 1, '2021-08-05 07:00:00', '2021-08-05 07:00:00'),
(138, 'Marshall Islands', 0.00, 0.00, 0.00, 0.00, 0.00, 1, '2021-08-05 07:00:00', '2021-08-05 07:00:00'),
(139, 'Martinique', 0.00, 0.00, 0.00, 0.00, 0.00, 1, '2021-08-05 07:00:00', '2021-08-05 07:00:00'),
(140, 'Mauritania', 0.00, 0.00, 0.00, 0.00, 0.00, 1, '2021-08-05 07:00:00', '2021-08-05 07:00:00'),
(141, 'Mauritius', 0.00, 0.00, 0.00, 0.00, 0.00, 1, '2021-08-05 07:00:00', '2021-08-05 07:00:00'),
(142, 'Mayotte', 0.00, 0.00, 0.00, 0.00, 0.00, 1, '2021-08-05 07:00:00', '2021-08-05 07:00:00'),
(143, 'Mexico', 0.00, 0.00, 0.00, 0.00, 0.00, 1, '2021-08-05 07:00:00', '2021-08-05 07:00:00'),
(144, 'Micronesia, Federated States of', 0.00, 0.00, 0.00, 0.00, 0.00, 1, '2021-08-05 07:00:00', '2021-08-05 07:00:00'),
(145, 'Moldova, Republic of', 0.00, 0.00, 0.00, 0.00, 0.00, 1, '2021-08-05 07:00:00', '2021-08-05 07:00:00'),
(146, 'Monaco', 0.00, 0.00, 0.00, 0.00, 0.00, 1, '2021-08-05 07:00:00', '2021-08-05 07:00:00'),
(147, 'Mongolia', 0.00, 0.00, 0.00, 0.00, 0.00, 1, '2021-08-05 07:00:00', '2021-08-05 07:00:00'),
(148, 'Montenegro', 0.00, 0.00, 0.00, 0.00, 0.00, 1, '2021-08-05 07:00:00', '2021-08-05 07:00:00'),
(149, 'Montserrat', 0.00, 0.00, 0.00, 0.00, 0.00, 1, '2021-08-05 07:00:00', '2021-08-05 07:00:00'),
(150, 'Morocco', 0.00, 0.00, 0.00, 0.00, 0.00, 1, '2021-08-05 07:00:00', '2021-08-05 07:00:00'),
(151, 'Mozambique', 0.00, 0.00, 0.00, 0.00, 0.00, 1, '2021-08-05 07:00:00', '2021-08-05 07:00:00'),
(152, 'Myanmar', 0.00, 0.00, 0.00, 0.00, 0.00, 1, '2021-08-05 07:00:00', '2021-08-05 07:00:00'),
(153, 'Namibia', 0.00, 0.00, 0.00, 0.00, 0.00, 1, '2021-08-05 07:00:00', '2021-08-05 07:00:00'),
(154, 'Nauru', 0.00, 0.00, 0.00, 0.00, 0.00, 1, '2021-08-05 07:00:00', '2021-08-05 07:00:00'),
(155, 'Nepal', 0.00, 0.00, 0.00, 0.00, 0.00, 1, '2021-08-05 07:00:00', '2021-08-05 07:00:00'),
(156, 'Netherlands', 0.00, 0.00, 0.00, 0.00, 0.00, 1, '2021-08-05 07:00:00', '2021-08-05 07:00:00'),
(157, 'Netherlands Antilles', 0.00, 0.00, 0.00, 0.00, 0.00, 1, '2021-08-05 07:00:00', '2021-08-05 07:00:00'),
(158, 'New Caledonia', 0.00, 0.00, 0.00, 0.00, 0.00, 1, '2021-08-05 07:00:00', '2021-08-05 07:00:00'),
(159, 'New Zealand', 0.00, 0.00, 0.00, 0.00, 0.00, 1, '2021-08-05 07:00:00', '2021-08-05 07:00:00'),
(160, 'Nicaragua', 0.00, 0.00, 0.00, 0.00, 0.00, 1, '2021-08-05 07:00:00', '2021-08-05 07:00:00'),
(161, 'Niger', 0.00, 0.00, 0.00, 0.00, 0.00, 1, '2021-08-05 07:00:00', '2021-08-05 07:00:00'),
(162, 'Nigeria', 0.00, 0.00, 0.00, 0.00, 0.00, 1, '2021-08-05 07:00:00', '2021-08-05 07:00:00'),
(163, 'Niue', 0.00, 0.00, 0.00, 0.00, 0.00, 1, '2021-08-05 07:00:00', '2021-08-05 07:00:00'),
(164, 'Norfolk Island', 0.00, 0.00, 0.00, 0.00, 0.00, 1, '2021-08-05 07:00:00', '2021-08-05 07:00:00'),
(165, 'Northern Mariana Islands', 0.00, 0.00, 0.00, 0.00, 0.00, 1, '2021-08-05 07:00:00', '2021-08-05 07:00:00'),
(166, 'Norway', 0.00, 0.00, 0.00, 0.00, 0.00, 1, '2021-08-05 07:00:00', '2021-08-05 07:00:00'),
(167, 'Oman', 0.00, 0.00, 0.00, 0.00, 0.00, 1, '2021-08-05 07:00:00', '2021-08-05 07:00:00'),
(168, 'Pakistan', 100.00, 200.00, 300.00, 400.00, 500.00, 1, '2021-08-05 07:00:00', '2021-08-07 06:38:10'),
(169, 'Palau', 0.00, 0.00, 0.00, 0.00, 0.00, 1, '2021-08-05 07:00:00', '2021-08-05 07:00:00'),
(170, 'Palestine', 0.00, 0.00, 0.00, 0.00, 0.00, 1, '2021-08-05 07:00:00', '2021-08-05 07:00:00'),
(171, 'Panama', 0.00, 0.00, 0.00, 0.00, 0.00, 1, '2021-08-05 07:00:00', '2021-08-05 07:00:00'),
(172, 'Papua New Guinea', 0.00, 0.00, 0.00, 0.00, 0.00, 1, '2021-08-05 07:00:00', '2021-08-05 07:00:00'),
(173, 'Paraguay', 0.00, 0.00, 0.00, 0.00, 0.00, 1, '2021-08-05 07:00:00', '2021-08-05 07:00:00'),
(174, 'Peru', 0.00, 0.00, 0.00, 0.00, 0.00, 1, '2021-08-05 07:00:00', '2021-08-05 07:00:00'),
(175, 'Philippines', 0.00, 0.00, 0.00, 0.00, 0.00, 1, '2021-08-05 07:00:00', '2021-08-05 07:00:00'),
(176, 'Pitcairn', 0.00, 0.00, 0.00, 0.00, 0.00, 1, '2021-08-05 07:00:00', '2021-08-05 07:00:00'),
(177, 'Poland', 0.00, 0.00, 0.00, 0.00, 0.00, 1, '2021-08-05 07:00:00', '2021-08-05 07:00:00'),
(178, 'Portugal', 0.00, 0.00, 0.00, 0.00, 0.00, 1, '2021-08-05 07:00:00', '2021-08-05 07:00:00'),
(179, 'Puerto Rico', 0.00, 0.00, 0.00, 0.00, 0.00, 1, '2021-08-05 07:00:00', '2021-08-05 07:00:00'),
(180, 'Qatar', 0.00, 0.00, 0.00, 0.00, 0.00, 1, '2021-08-05 07:00:00', '2021-08-05 07:00:00'),
(181, 'Reunion', 0.00, 0.00, 0.00, 0.00, 0.00, 1, '2021-08-05 07:00:00', '2021-08-05 07:00:00'),
(182, 'Romania', 0.00, 0.00, 0.00, 0.00, 0.00, 1, '2021-08-05 07:00:00', '2021-08-05 07:00:00'),
(183, 'Russian Federation', 0.00, 0.00, 0.00, 0.00, 0.00, 1, '2021-08-05 07:00:00', '2021-08-05 07:00:00'),
(184, 'Rwanda', 0.00, 0.00, 0.00, 0.00, 0.00, 1, '2021-08-05 07:00:00', '2021-08-05 07:00:00'),
(185, 'Saint Kitts and Nevis', 0.00, 0.00, 0.00, 0.00, 0.00, 1, '2021-08-05 07:00:00', '2021-08-05 07:00:00'),
(186, 'Saint Lucia', 0.00, 0.00, 0.00, 0.00, 0.00, 1, '2021-08-05 07:00:00', '2021-08-05 07:00:00'),
(187, 'Saint Vincent and the Grenadines', 0.00, 0.00, 0.00, 0.00, 0.00, 1, '2021-08-05 07:00:00', '2021-08-05 07:00:00'),
(188, 'Samoa', 0.00, 0.00, 0.00, 0.00, 0.00, 1, '2021-08-05 07:00:00', '2021-08-05 07:00:00'),
(189, 'San Marino', 0.00, 0.00, 0.00, 0.00, 0.00, 1, '2021-08-05 07:00:00', '2021-08-05 07:00:00'),
(190, 'Sao Tome and Principe', 0.00, 0.00, 0.00, 0.00, 0.00, 1, '2021-08-05 07:00:00', '2021-08-05 07:00:00'),
(191, 'Saudi Arabia', 0.00, 0.00, 0.00, 0.00, 0.00, 1, '2021-08-05 07:00:00', '2021-08-05 07:00:00'),
(192, 'Senegal', 0.00, 0.00, 0.00, 0.00, 0.00, 1, '2021-08-05 07:00:00', '2021-08-05 07:00:00'),
(193, 'Serbia', 0.00, 0.00, 0.00, 0.00, 0.00, 1, '2021-08-05 07:00:00', '2021-08-05 07:00:00'),
(194, 'Seychelles', 0.00, 0.00, 0.00, 0.00, 0.00, 1, '2021-08-05 07:00:00', '2021-08-05 07:00:00'),
(195, 'Sierra Leone', 0.00, 0.00, 0.00, 0.00, 0.00, 1, '2021-08-05 07:00:00', '2021-08-05 07:00:00'),
(196, 'Singapore', 0.00, 0.00, 0.00, 0.00, 0.00, 1, '2021-08-05 07:00:00', '2021-08-05 07:00:00'),
(197, 'Slovakia', 0.00, 0.00, 0.00, 0.00, 0.00, 1, '2021-08-05 07:00:00', '2021-08-05 07:00:00'),
(198, 'Slovenia', 0.00, 0.00, 0.00, 0.00, 0.00, 1, '2021-08-05 07:00:00', '2021-08-05 07:00:00'),
(199, 'Solomon Islands', 0.00, 0.00, 0.00, 0.00, 0.00, 1, '2021-08-05 07:00:00', '2021-08-05 07:00:00'),
(200, 'Somalia', 0.00, 0.00, 0.00, 0.00, 0.00, 1, '2021-08-05 07:00:00', '2021-08-05 07:00:00'),
(201, 'South Africa', 0.00, 0.00, 0.00, 0.00, 0.00, 1, '2021-08-05 07:00:00', '2021-08-05 07:00:00'),
(202, 'South Georgia South Sandwich Islands', 0.00, 0.00, 0.00, 0.00, 0.00, 1, '2021-08-05 07:00:00', '2021-08-05 07:00:00'),
(203, 'South Sudan', 0.00, 0.00, 0.00, 0.00, 0.00, 1, '2021-08-05 07:00:00', '2021-08-05 07:00:00'),
(204, 'Spain', 0.00, 0.00, 0.00, 0.00, 0.00, 1, '2021-08-05 07:00:00', '2021-08-05 07:00:00'),
(205, 'Sri Lanka', 0.00, 0.00, 0.00, 0.00, 0.00, 1, '2021-08-05 07:00:00', '2021-08-05 07:00:00'),
(206, 'St. Helena', 0.00, 0.00, 0.00, 0.00, 0.00, 1, '2021-08-05 07:00:00', '2021-08-05 07:00:00'),
(207, 'St. Pierre and Miquelon', 0.00, 0.00, 0.00, 0.00, 0.00, 1, '2021-08-05 07:00:00', '2021-08-05 07:00:00'),
(208, 'Sudan', 0.00, 0.00, 0.00, 0.00, 0.00, 1, '2021-08-05 07:00:00', '2021-08-05 07:00:00'),
(209, 'Suriname', 0.00, 0.00, 0.00, 0.00, 0.00, 1, '2021-08-05 07:00:00', '2021-08-05 07:00:00'),
(210, 'Svalbard and Jan Mayen Islands', 0.00, 0.00, 0.00, 0.00, 0.00, 1, '2021-08-05 07:00:00', '2021-08-05 07:00:00'),
(211, 'Swaziland', 0.00, 0.00, 0.00, 0.00, 0.00, 1, '2021-08-05 07:00:00', '2021-08-05 07:00:00'),
(212, 'Sweden', 0.00, 0.00, 0.00, 0.00, 0.00, 1, '2021-08-05 07:00:00', '2021-08-05 07:00:00'),
(213, 'Switzerland', 0.00, 0.00, 0.00, 0.00, 0.00, 1, '2021-08-05 07:00:00', '2021-08-05 07:00:00'),
(214, 'Syrian Arab Republic', 0.00, 0.00, 0.00, 0.00, 0.00, 1, '2021-08-05 07:00:00', '2021-08-05 07:00:00'),
(215, 'Taiwan', 0.00, 0.00, 0.00, 0.00, 0.00, 1, '2021-08-05 07:00:00', '2021-08-05 07:00:00'),
(216, 'Tajikistan', 0.00, 0.00, 0.00, 0.00, 0.00, 1, '2021-08-05 07:00:00', '2021-08-05 07:00:00'),
(217, 'Tanzania, United Republic of', 0.00, 0.00, 0.00, 0.00, 0.00, 1, '2021-08-05 07:00:00', '2021-08-05 07:00:00'),
(218, 'Thailand', 0.00, 0.00, 0.00, 0.00, 0.00, 1, '2021-08-05 07:00:00', '2021-08-05 07:00:00'),
(219, 'Togo', 0.00, 0.00, 0.00, 0.00, 0.00, 1, '2021-08-05 07:00:00', '2021-08-05 07:00:00'),
(220, 'Tokelau', 0.00, 0.00, 0.00, 0.00, 0.00, 1, '2021-08-05 07:00:00', '2021-08-05 07:00:00'),
(221, 'Tonga', 0.00, 0.00, 0.00, 0.00, 0.00, 1, '2021-08-05 07:00:00', '2021-08-05 07:00:00'),
(222, 'Trinidad and Tobago', 0.00, 0.00, 0.00, 0.00, 0.00, 1, '2021-08-05 07:00:00', '2021-08-05 07:00:00'),
(223, 'Tunisia', 0.00, 0.00, 0.00, 0.00, 0.00, 1, '2021-08-05 07:00:00', '2021-08-05 07:00:00'),
(224, 'Turkey', 0.00, 0.00, 0.00, 0.00, 0.00, 1, '2021-08-05 07:00:00', '2021-08-05 07:00:00'),
(225, 'Turkmenistan', 0.00, 0.00, 0.00, 0.00, 0.00, 1, '2021-08-05 07:00:00', '2021-08-05 07:00:00'),
(226, 'Turks and Caicos Islands', 0.00, 0.00, 0.00, 0.00, 0.00, 1, '2021-08-05 07:00:00', '2021-08-05 07:00:00'),
(227, 'Tuvalu', 0.00, 0.00, 0.00, 0.00, 0.00, 1, '2021-08-05 07:00:00', '2021-08-05 07:00:00'),
(228, 'Uganda', 0.00, 0.00, 0.00, 0.00, 0.00, 1, '2021-08-05 07:00:00', '2021-08-05 07:00:00'),
(229, 'Ukraine', 0.00, 0.00, 0.00, 0.00, 0.00, 1, '2021-08-05 07:00:00', '2021-08-05 07:00:00'),
(230, 'United Arab Emirates', 0.00, 0.00, 0.00, 0.00, 0.00, 1, '2021-08-05 07:00:00', '2021-08-05 07:00:00'),
(231, 'United Kingdom', 0.00, 0.00, 0.00, 0.00, 0.00, 1, '2021-08-05 07:00:00', '2021-08-05 07:00:00'),
(232, 'United States', 200.00, 400.00, 600.00, 800.00, 1000.00, 1, '2021-08-05 07:00:00', '2021-08-07 06:38:50'),
(233, 'United States minor outlying islands', 0.00, 0.00, 0.00, 0.00, 0.00, 1, '2021-08-05 07:00:00', '2021-08-05 07:00:00'),
(234, 'Uruguay', 0.00, 0.00, 0.00, 0.00, 0.00, 1, '2021-08-05 07:00:00', '2021-08-05 07:00:00'),
(235, 'Uzbekistan', 0.00, 0.00, 0.00, 0.00, 0.00, 1, '2021-08-05 07:00:00', '2021-08-05 07:00:00'),
(236, 'Vanuatu', 0.00, 0.00, 0.00, 0.00, 0.00, 1, '2021-08-05 07:00:00', '2021-08-05 07:00:00'),
(237, 'Vatican City State', 0.00, 0.00, 0.00, 0.00, 0.00, 1, '2021-08-05 07:00:00', '2021-08-05 07:00:00'),
(238, 'Venezuela', 0.00, 0.00, 0.00, 0.00, 0.00, 1, '2021-08-05 07:00:00', '2021-08-05 07:00:00'),
(239, 'Vietnam', 0.00, 0.00, 0.00, 0.00, 0.00, 1, '2021-08-05 07:00:00', '2021-08-05 07:00:00'),
(240, 'Virgin Islands (British)', 0.00, 0.00, 0.00, 0.00, 0.00, 1, '2021-08-05 07:00:00', '2021-08-05 07:00:00'),
(241, 'Virgin Islands (U.S.)', 0.00, 0.00, 0.00, 0.00, 0.00, 1, '2021-08-05 07:00:00', '2021-08-05 07:00:00'),
(242, 'Wallis and Futuna Islands', 0.00, 0.00, 0.00, 0.00, 0.00, 1, '2021-08-05 07:00:00', '2021-08-05 07:00:00'),
(243, 'Western Sahara', 0.00, 0.00, 0.00, 0.00, 0.00, 1, '2021-08-05 07:00:00', '2021-08-05 07:00:00'),
(244, 'Yemen', 0.00, 0.00, 0.00, 0.00, 0.00, 1, '2021-08-05 07:00:00', '2021-08-05 07:00:00'),
(245, 'Zambia', 0.00, 0.00, 0.00, 0.00, 0.00, 1, '2021-08-05 07:00:00', '2021-08-05 07:00:00'),
(246, 'Zimbabwe', 0.00, 0.00, 0.00, 0.00, 0.00, 1, '2021-08-05 07:00:00', '2021-08-05 07:00:00');

-- --------------------------------------------------------

--
-- Table structure for table `users`
--

CREATE TABLE `users` (
  `id` bigint(20) UNSIGNED NOT NULL,
  `name` varchar(255) COLLATE utf8mb4_unicode_ci NOT NULL,
  `address` varchar(255) COLLATE utf8mb4_unicode_ci NOT NULL,
  `city` varchar(255) COLLATE utf8mb4_unicode_ci NOT NULL,
  `state` varchar(255) COLLATE utf8mb4_unicode_ci NOT NULL,
  `country` varchar(255) COLLATE utf8mb4_unicode_ci NOT NULL,
  `pincode` varchar(255) COLLATE utf8mb4_unicode_ci NOT NULL,
  `mobile` varchar(255) COLLATE utf8mb4_unicode_ci NOT NULL,
  `email` varchar(255) COLLATE utf8mb4_unicode_ci NOT NULL,
  `email_verified_at` timestamp NULL DEFAULT NULL,
  `password` varchar(255) COLLATE utf8mb4_unicode_ci NOT NULL,
  `status` tinyint(4) NOT NULL,
  `remember_token` varchar(100) COLLATE utf8mb4_unicode_ci DEFAULT NULL,
  `created_at` timestamp NULL DEFAULT NULL,
  `updated_at` timestamp NULL DEFAULT NULL
) ENGINE=InnoDB DEFAULT CHARSET=utf8mb4 COLLATE=utf8mb4_unicode_ci;

--
-- Dumping data for table `users`
--

INSERT INTO `users` (`id`, `name`, `address`, `city`, `state`, `country`, `pincode`, `mobile`, `email`, `email_verified_at`, `password`, `status`, `remember_token`, `created_at`, `updated_at`) VALUES
(4, 'Awais', 'Gujranwala main street', 'Gujranwala', 'Punjab', 'Pakistan', '3453', '0323432278767', 'dummy@gmail.com', NULL, '$2y$10$ir.p8E9I0OMFeikFPBsTYe0kFU319NUIIxlrfm5ZcOCtzppkdBbDq', 1, NULL, '2020-12-28 12:31:57', '2021-08-15 21:44:46'),
(5, 'developer', '', '', '', '', '', '03234322897899', 'developer@gmail.com', NULL, '$2y$10$xK8DoJL.ze34ek.7P5yTPOlGEIpB3e4.0gm6EFE7DxEUkf3vEbcl6', 1, NULL, '2021-01-02 02:34:11', '2021-08-15 21:52:37');

--
-- Indexes for dumped tables
--

--
-- Indexes for table `admins`
--
ALTER TABLE `admins`
  ADD PRIMARY KEY (`id`),
  ADD UNIQUE KEY `admins_email_unique` (`email`);

--
-- Indexes for table `banners`
--
ALTER TABLE `banners`
  ADD PRIMARY KEY (`id`);

--
-- Indexes for table `brands`
--
ALTER TABLE `brands`
  ADD PRIMARY KEY (`id`);

--
-- Indexes for table `carts`
--
ALTER TABLE `carts`
  ADD PRIMARY KEY (`id`);

--
-- Indexes for table `categories`
--
ALTER TABLE `categories`
  ADD PRIMARY KEY (`id`);

--
-- Indexes for table `chat_messages`
--
ALTER TABLE `chat_messages`
  ADD PRIMARY KEY (`id`);

--
-- Indexes for table `cms_pages`
--
ALTER TABLE `cms_pages`
  ADD PRIMARY KEY (`id`);

--
-- Indexes for table `cod_pincodes`
--
ALTER TABLE `cod_pincodes`
  ADD PRIMARY KEY (`id`);

--
-- Indexes for table `countries`
--
ALTER TABLE `countries`
  ADD PRIMARY KEY (`id`);

--
-- Indexes for table `coupons`
--
ALTER TABLE `coupons`
  ADD PRIMARY KEY (`id`);

--
-- Indexes for table `delievery_addresses`
--
ALTER TABLE `delievery_addresses`
  ADD PRIMARY KEY (`id`);

--
-- Indexes for table `failed_jobs`
--
ALTER TABLE `failed_jobs`
  ADD PRIMARY KEY (`id`),
  ADD UNIQUE KEY `failed_jobs_uuid_unique` (`uuid`);

--
-- Indexes for table `migrations`
--
ALTER TABLE `migrations`
  ADD PRIMARY KEY (`id`);

--
-- Indexes for table `orders`
--
ALTER TABLE `orders`
  ADD PRIMARY KEY (`id`);

--
-- Indexes for table `orders_logs`
--
ALTER TABLE `orders_logs`
  ADD PRIMARY KEY (`id`);

--
-- Indexes for table `orders_products`
--
ALTER TABLE `orders_products`
  ADD PRIMARY KEY (`id`);

--
-- Indexes for table `order_statuses`
--
ALTER TABLE `order_statuses`
  ADD PRIMARY KEY (`id`);

--
-- Indexes for table `password_resets`
--
ALTER TABLE `password_resets`
  ADD KEY `password_resets_email_index` (`email`);

--
-- Indexes for table `prepaid_pincodes`
--
ALTER TABLE `prepaid_pincodes`
  ADD PRIMARY KEY (`id`);

--
-- Indexes for table `products`
--
ALTER TABLE `products`
  ADD PRIMARY KEY (`id`);

--
-- Indexes for table `products_attributes`
--
ALTER TABLE `products_attributes`
  ADD PRIMARY KEY (`id`);

--
-- Indexes for table `products_images`
--
ALTER TABLE `products_images`
  ADD PRIMARY KEY (`id`);

--
-- Indexes for table `sections`
--
ALTER TABLE `sections`
  ADD PRIMARY KEY (`id`);

--
-- Indexes for table `shipping_charges`
--
ALTER TABLE `shipping_charges`
  ADD PRIMARY KEY (`id`);

--
-- Indexes for table `users`
--
ALTER TABLE `users`
  ADD PRIMARY KEY (`id`),
  ADD UNIQUE KEY `users_email_unique` (`email`);

--
-- AUTO_INCREMENT for dumped tables
--

--
-- AUTO_INCREMENT for table `admins`
--
ALTER TABLE `admins`
  MODIFY `id` bigint(20) UNSIGNED NOT NULL AUTO_INCREMENT, AUTO_INCREMENT=4;

--
-- AUTO_INCREMENT for table `banners`
--
ALTER TABLE `banners`
  MODIFY `id` bigint(20) UNSIGNED NOT NULL AUTO_INCREMENT, AUTO_INCREMENT=8;

--
-- AUTO_INCREMENT for table `brands`
--
ALTER TABLE `brands`
  MODIFY `id` bigint(20) UNSIGNED NOT NULL AUTO_INCREMENT, AUTO_INCREMENT=10;

--
-- AUTO_INCREMENT for table `carts`
--
ALTER TABLE `carts`
  MODIFY `id` bigint(20) UNSIGNED NOT NULL AUTO_INCREMENT, AUTO_INCREMENT=93;

--
-- AUTO_INCREMENT for table `categories`
--
ALTER TABLE `categories`
  MODIFY `id` bigint(20) UNSIGNED NOT NULL AUTO_INCREMENT, AUTO_INCREMENT=16;

--
-- AUTO_INCREMENT for table `chat_messages`
--
ALTER TABLE `chat_messages`
  MODIFY `id` bigint(20) UNSIGNED NOT NULL AUTO_INCREMENT;

--
-- AUTO_INCREMENT for table `cms_pages`
--
ALTER TABLE `cms_pages`
  MODIFY `id` bigint(20) UNSIGNED NOT NULL AUTO_INCREMENT, AUTO_INCREMENT=5;

--
-- AUTO_INCREMENT for table `cod_pincodes`
--
ALTER TABLE `cod_pincodes`
  MODIFY `id` int(11) NOT NULL AUTO_INCREMENT, AUTO_INCREMENT=996;

--
-- AUTO_INCREMENT for table `countries`
--
ALTER TABLE `countries`
  MODIFY `id` int(11) NOT NULL AUTO_INCREMENT, AUTO_INCREMENT=247;

--
-- AUTO_INCREMENT for table `coupons`
--
ALTER TABLE `coupons`
  MODIFY `id` bigint(20) UNSIGNED NOT NULL AUTO_INCREMENT, AUTO_INCREMENT=13;

--
-- AUTO_INCREMENT for table `delievery_addresses`
--
ALTER TABLE `delievery_addresses`
  MODIFY `id` bigint(20) UNSIGNED NOT NULL AUTO_INCREMENT, AUTO_INCREMENT=12;

--
-- AUTO_INCREMENT for table `failed_jobs`
--
ALTER TABLE `failed_jobs`
  MODIFY `id` bigint(20) UNSIGNED NOT NULL AUTO_INCREMENT;

--
-- AUTO_INCREMENT for table `migrations`
--
ALTER TABLE `migrations`
  MODIFY `id` int(10) UNSIGNED NOT NULL AUTO_INCREMENT, AUTO_INCREMENT=32;

--
-- AUTO_INCREMENT for table `orders`
--
ALTER TABLE `orders`
  MODIFY `id` bigint(20) UNSIGNED NOT NULL AUTO_INCREMENT, AUTO_INCREMENT=79;

--
-- AUTO_INCREMENT for table `orders_logs`
--
ALTER TABLE `orders_logs`
  MODIFY `id` bigint(20) UNSIGNED NOT NULL AUTO_INCREMENT, AUTO_INCREMENT=9;

--
-- AUTO_INCREMENT for table `orders_products`
--
ALTER TABLE `orders_products`
  MODIFY `id` bigint(20) UNSIGNED NOT NULL AUTO_INCREMENT, AUTO_INCREMENT=52;

--
-- AUTO_INCREMENT for table `order_statuses`
--
ALTER TABLE `order_statuses`
  MODIFY `id` bigint(20) UNSIGNED NOT NULL AUTO_INCREMENT, AUTO_INCREMENT=9;

--
-- AUTO_INCREMENT for table `prepaid_pincodes`
--
ALTER TABLE `prepaid_pincodes`
  MODIFY `id` int(11) NOT NULL AUTO_INCREMENT, AUTO_INCREMENT=1130;

--
-- AUTO_INCREMENT for table `products`
--
ALTER TABLE `products`
  MODIFY `id` bigint(20) UNSIGNED NOT NULL AUTO_INCREMENT, AUTO_INCREMENT=16;

--
-- AUTO_INCREMENT for table `products_attributes`
--
ALTER TABLE `products_attributes`
  MODIFY `id` bigint(20) UNSIGNED NOT NULL AUTO_INCREMENT, AUTO_INCREMENT=33;

--
-- AUTO_INCREMENT for table `products_images`
--
ALTER TABLE `products_images`
  MODIFY `id` bigint(20) UNSIGNED NOT NULL AUTO_INCREMENT, AUTO_INCREMENT=9;

--
-- AUTO_INCREMENT for table `sections`
--
ALTER TABLE `sections`
  MODIFY `id` bigint(20) UNSIGNED NOT NULL AUTO_INCREMENT, AUTO_INCREMENT=4;

--
-- AUTO_INCREMENT for table `shipping_charges`
--
ALTER TABLE `shipping_charges`
  MODIFY `id` bigint(20) UNSIGNED NOT NULL AUTO_INCREMENT, AUTO_INCREMENT=247;

--
-- AUTO_INCREMENT for table `users`
--
ALTER TABLE `users`
  MODIFY `id` bigint(20) UNSIGNED NOT NULL AUTO_INCREMENT, AUTO_INCREMENT=6;
COMMIT;

/*!40101 SET CHARACTER_SET_CLIENT=@OLD_CHARACTER_SET_CLIENT */;
/*!40101 SET CHARACTER_SET_RESULTS=@OLD_CHARACTER_SET_RESULTS */;
/*!40101 SET COLLATION_CONNECTION=@OLD_COLLATION_CONNECTION */;
